0,3333;0,0000;1
0,5000;0,3333;0
0,5217;0,5000;1
0,7647;0,5217;1
0,8333;0,7647;1
0,4286;0,8333;1
0,2857;0,4286;0
0,2000;0,2857;1
0,6000;0,2000;1
0,6667;0,6000;1
0,6923;0,6667;1
0,4286;0,6923;1
1,0000;0,4286;0
0,4444;1,0000;1
0,7143;0,4444;1
0,7273;0,7143;1
0,5556;0,7273;1
1,0000;0,5556;0
0,1429;1,0000;1
1,0000;0,1429;1
1,0000;1,0000;1
0,6032;1,0000;0
0,0857;0,6032;0
0,2222;0,0857;1
1,0000;0,2222;1
0,7826;1,0000;1
0,5556;0,7826;1
0,9054;0,5556;1
0,5357;0,9054;0
0,3869;0,5357;1
0,3696;0,3869;1
0,7895;0,3696;1
0,4848;0,7895;0
0,0000;0,4848;1
0,5000;0,0000;1
0,7857;0,5000;1
0,7742;0,7857;0
0,5238;0,7742;1
0,9178;0,5238;0
0,6122;0,9178;1
0,8504;0,6122;1
0,8837;0,8504;0
0,4463;0,8837;0
0,4937;0,4463;1
0,7371;0,4937;0
0,1489;0,7371;0
0,3111;0,1489;1
0,2740;0,3111;0
0,0065;0,2740;1
0,5745;0,0065;1
0,9091;0,5745;1
0,6053;0,9091;1
0,8364;0,6053;1
0,5592;0,8364;1
0,8061;0,5592;0
0,0000;0,8061;0
0,3220;0,0000;1
0,8462;0,3220;1
0,7333;0,8462;0
0,4571;0,7333;1
0,9071;0,4571;1
0,7914;0,9071;1
0,9466;0,7914;1
1,0000;0,9466;0
0,1786;1,0000;1
0,7554;0,1786;1
0,9340;0,7554;1
0,7619;0,9340;0
0,5178;0,7619;0
0,4196;0,5178;0
0,1501;0,4196;1
0,5631;0,1501;1
0,4518;0,5631;0
0,5120;0,4518;1
0,4796;0,5120;0
0,0000;0,4796;0
0,5019;0,0000;1
0,9684;0,5019;1
0,3251;0,9684;0
0,6971;0,3251;1
0,5833;0,6971;1
0,4412;0,5833;0
0,3208;0,4412;0
0,2969;0,3208;0
0,0946;0,2969;1
0,2453;0,0946;1
0,3421;0,2453;0
0,3064;0,3421;0
0,4775;0,3064;1
0,5535;0,4775;0
0,1929;0,5535;0
0,2400;0,1929;1
0,5294;0,2400;1
0,4179;0,5294;0
0,2929;0,4179;0
0,1486;0,2929;0
0,1667;0,1486;1
0,7838;0,1667;0
0,5254;0,7838;0
0,7097;0,5254;0
0,1918;0,7097;1
0,6879;0,1918;1
0,3254;0,6879;0
0,4833;0,3254;0
0,5526;0,4833;1
0,6944;0,5526;0
0,6538;0,6944;1
0,7600;0,6538;1
0,3021;0,7600;0
0,3929;0,3021;1
0,3214;0,3929;0
0,2857;0,3214;1
0,4595;0,2857;1
0,4444;0,4595;0
0,2512;0,4444;0
0,3429;0,2512;0
0,3416;0,3429;0
0,1618;0,3416;1
0,7884;0,1618;0
0,2013;0,7884;0
0,1924;0,2013;1
0,5462;0,1924;0
0,6757;0,5462;1
0,5237;0,6757;0
0,5333;0,5237;0
0,4927;0,5333;1
0,6180;0,4927;1
0,8763;0,6180;1
0,7284;0,8763;1
0,3621;0,7284;0
0,2941;0,3621;0
0,6364;0,2941;0
0,0833;0,6364;1
0,8367;0,0833;0
0,1724;0,8367;0
0,0000;0,1724;0
0,3838;0,0000;1
0,2653;0,3838;0
0,0800;0,2653;0
0,3128;0,0800;0
0,2400;0,3128;1
0,4747;0,2400;1
0,6019;0,4747;0
0,5161;0,6019;0
0,5333;0,5161;0
0,2436;0,5333;1
0,4231;0,2436;1
0,8542;0,4231;0
0,3636;0,8542;0
0,5156;0,3636;0
0,3830;0,5156;0
0,4805;0,3830;1
0,6075;0,4805;0
0,0290;0,6075;0
0,3542;0,0290;0
0,1628;0,3542;1
0,4500;0,1628;1
0,5726;0,4500;0
0,2564;0,5726;0
0,5660;0,2564;0
0,3390;0,5660;0
0,5526;0,3390;0
0,3043;0,5526;1
0,5455;0,3043;1
0,7568;0,5455;1
0,4925;0,7568;0
0,4472;0,4925;0
0,2593;0,4472;1
0,4667;0,2593;0
0,4545;0,4667;0
0,0588;0,4545;0
0,2206;0,0588;1
0,4000;0,2206;0
0,4412;0,4000;1
0,8462;0,4412;1
0,6500;0,8462;0
0,4359;0,6500;0
0,5789;0,4359;1
0,9333;0,5789;0
0,4545;0,9333;0
0,2000;0,4545;0
0,5750;0,2000;0
0,4902;0,5750;0
0,3462;0,4902;1
0,2632;0,3462;1
0,4737;0,2632;0
0,3200;0,4737;1
0,4545;0,3200;0
0,2500;0,4545;0
0,2353;0,2500;0
0,3824;0,2353;0
0,3000;0,3824;0
0,2027;0,3000;0
0,1864;0,2027;0
0,4600;0,1864;1
0,7647;0,4600;1
0,6154;0,7647;1
0,8133;0,6154;1
0,8800;0,8133;0
0,0972;0,8800;1
0,5500;0,0972;1
0,6000;0,5500;1
0,8611;0,6000;1
0,8056;0,8611;1
0,6377;0,8056;0
0,1556;0,6377;0
0,7200;0,1556;0
0,2857;0,7200;1
0,3667;0,2857;0
0,2778;0,3667;0
0,5000;0,2778;0
0,4000;0,5000;0
0,5000;0,4000;1
0,7500;0,5000;1
0,1500;0,7500;0
0,2609;0,1500;0
0,2353;0,2609;1
0,8966;0,2353;0
0,2000;0,8966;0
0,5000;0,2000;0
0,1333;0,5000;1
0,5789;0,1333;1
0,8667;0,5789;0
0,4333;0,8667;0
0,1282;0,4333;1
0,7692;0,1282;1
0,1429;0,7692;1
0,8571;0,1429;1
0,8000;0,8571;1
0,5455;0,8000;1
0,5000;0,5455;1
0,8125;0,5000;1
0,4615;0,8125;1
0,8571;0,4615;1
1,0000;0,8571;1
0,4773;1,0000;1
0,6667;0,4773;1
0,6190;0,6667;1
0,8000;0,6190;0
0,1316;0,8000;1
0,7586;0,1316;1
0,6667;0,7586;1
0,8889;0,6667;0
0,3750;0,8889;0
0,7692;0,3750;0
0,3636;0,7692;1
0,6000;0,3636;1
0,6667;0,6000;0
0,2381;0,6667;1
1,0000;0,2381;0
0,6154;1,0000;1
0,9000;0,6154;1
0,7143;0,9000;1
0,6250;0,7143;1
0,4000;0,6250;1
0,6471;0,4000;1
0,4608;0,6471;0
0,3478;0,4608;1
0,7917;0,3478;1
1,0000;0,7917;0
0,7273;1,0000;1
0,7377;0,7273;0
0,4118;0,7377;1
0,7857;0,4118;1
0,7692;0,7857;0
0,2381;0,7692;1
0,7826;0,2381;1
0,6500;0,7826;1
0,7386;0,6500;0
0,6119;0,7386;0
0,3594;0,6119;1
0,8632;0,3594;1
0,8303;0,8632;0
0,5278;0,8303;1
0,6719;0,5278;1
0,8085;0,6719;0
0,3696;0,8085;1
0,4045;0,3696;1
0,6712;0,4045;0
0,6970;0,6712;0
0,0250;0,6970;1
0,7260;0,0250;1
0,7647;0,7260;0
0,2500;0,7647;0
0,4138;0,2500;1
0,4432;0,4138;1
1,0000;0,4432;1
0,7188;1,0000;0
0,1778;0,7188;1
0,5833;0,1778;1
0,8333;0,5833;0
0,3889;0,8333;0
0,3049;0,3889;0
0,0645;0,3049;0
0,5217;0,0645;1
0,7400;0,5217;0
0,1351;0,7400;1
0,5217;0,1351;0
0,2273;0,5217;1
0,8243;0,2273;1
0,7368;0,8243;0
0,5714;0,7368;0
0,2000;0,5714;0
0,5349;0,2000;0
0,0000;0,5349;1
0,7273;0,0000;0
0,5455;0,7273;1
0,7857;0,5455;1
0,5789;0,7857;0
0,1304;0,5789;0
0,1905;0,1304;0
0,1132;0,1905;0
0,2016;0,1132;0
0,1765;0,2016;0
0,7018;0,1765;1
0,3455;0,7018;0
0,2632;0,3455;1
0,6176;0,2632;0
0,3889;0,6176;0
0,3158;0,3889;1
0,5556;0,3158;1
0,7692;0,5556;1
0,7143;0,7692;0
0,2857;0,7143;1
0,4545;0,2857;1
0,6000;0,4545;0
0,5185;0,6000;0
0,6000;0,5185;1
0,4615;0,6000;0
0,4318;0,4615;0
0,3929;0,4318;1
0,6176;0,3929;1
0,6957;0,6176;1
0,5294;0,6957;0
0,4762;0,5294;0
0,7083;0,4762;0
0,3077;0,7083;0
0,5000;0,3077;1
0,5556;0,5000;0
0,3333;0,5556;1
0,7455;0,3333;1
0,6500;0,7455;0
0,3684;0,6500;1
0,5000;0,3684;0
0,0000;0,5000;1
0,5385;0,0000;0
0,2439;0,5385;1
0,7812;0,2439;0
0,5833;0,7812;0
0,3793;0,5833;0
0,4737;0,3793;0
0,6154;0,4737;0
0,6410;0,6154;1
0,4545;0,6410;1
0,8889;0,4545;0
0,5833;0,8889;1
0,6667;0,5833;1
0,8750;0,6667;1
0,6923;0,8750;0
0,5263;0,6923;1
0,6875;0,5263;0
0,7778;0,6875;0
0,2500;0,7778;0
0,7143;0,2500;1
0,7000;0,7143;0
0,0000;0,7000;1
1,0000;0,0000;1
0,9333;1,0000;0
0,5000;0,9333;1
0,7368;0,5000;0
0,7273;0,7368;1
0,9545;0,7273;1
0,4615;0,9545;1
0,9167;0,4615;0
0,2857;0,9167;1
0,5556;0,2857;1
0,7273;0,5556;1
0,4444;0,7273;1
0,6579;0,4444;0
0,4054;0,6579;0
0,4348;0,4054;0
0,0000;0,4348;1
0,6000;0,0000;1
0,6429;0,6000;0
0,5556;0,6429;1
0,8000;0,5556;0
0,5000;0,8000;0
0,1429;0,5000;1
0,6154;0,1429;1
1,0000;0,6154;1
0,4762;1,0000;1
0,6875;0,4762;0
0,0000;0,6875;1
0,5556;0,0000;0
0,3750;0,5556;1
0,6923;0,3750;0
0,6429;0,6923;0
0,4000;0,6429;0
0,1562;0,4000;1
0,8000;0,1562;0
0,4444;0,8000;0
0,1250;0,4444;1
0,7857;0,1250;1
0,8889;0,7857;1
0,6429;0,8889;1
1,0000;0,6429;1
0,8571;1,0000;0
0,3750;0,8571;0
0,1429;0,3750;1
0,5714;0,1429;1
0,7143;0,5714;1
0,7000;0,7143;0
0,6250;0,7000;1
1,0000;0,6250;0
0,2000;1,0000;1
0,8000;0,2000;1
0,6000;0,8000;1
0,9333;0,6000;0
0,4286;0,9333;1
0,7778;0,4286;1
1,0000;0,7778;0
0,5000;1,0000;0
0,0000;0,5000;1
0,9000;0,0000;1
0,7778;0,9000;1
0,7000;0,7778;1
1,0000;0,7000;1
0,7000;1,0000;0
0,4167;0,7000;0
0,2667;0,4167;1
0,8824;0,2667;1
0,8077;0,8824;1
0,9000;0,8077;1
0,8824;0,9000;1
0,8857;0,8824;0
0,4118;0,8857;0
0,1395;0,4118;1
0,8485;0,1395;1
0,8800;0,8485;1
0,8462;0,8800;1
0,5000;0,8462;0
0,3243;0,5000;0
0,1200;0,3243;0
0,0000;0,1200;0
0,3478;0,0000;1
0,6842;0,3478;1
1,0000;0,6842;0
0,6667;1,0000;1
0,7692;0,6667;1
1,0000;0,7692;0
0,6250;1,0000;1
0,9474;0,6250;0
0,1389;0,9474;1
0,6000;0,1389;1
0,6552;0,6000;0
0,5882;0,6552;1
0,5417;0,5882;1
0,5714;0,5417;1
0,7778;0,5714;1
0,8276;0,7778;0
0,5417;0,8276;1
0,8250;0,5417;0
0,6250;0,8250;0
0,2000;0,6250;1
0,6800;0,2000;1
0,8558;0,6800;1
0,6820;0,8558;1
0,6778;0,6820;0
0,1220;0,6778;0
0,7244;0,1220;1
0,5115;0,7244;0
0,2000;0,5115;1
0,4828;0,2000;1
0,5098;0,4828;1
0,8113;0,5098;1
1,0000;0,8113;1
0,6429;1,0000;0
0,8182;0,6429;0
0,0526;0,8182;1
0,8889;0,0526;1
0,7500;0,8889;1
0,8148;0,7500;1
0,7044;0,8148;1
0,8171;0,7044;1
0,5844;0,8171;0
0,6441;0,5844;0
0,4000;0,6441;1
1,0000;0,4000;0
0,6667;1,0000;1
0,2231;0,6667;1
0,6441;0,2231;1
0,5714;0,6441;1
0,5312;0,5714;1
0,9643;0,5312;1
0,6591;0,9643;1
1,0000;0,6591;1
0,7463;1,0000;0
0,2042;0,7463;1
0,3155;0,2042;0
0,1040;0,3155;1
0,8513;0,1040;0
0,3500;0,8513;0
0,4340;0,3500;1
0,7273;0,4340;1
0,9740;0,7273;0
0,7442;0,9740;1
0,9412;0,7442;1
0,2547;0,9412;0
0,6197;0,2547;0
0,6379;0,6197;0
0,5294;0,6379;0
0,4274;0,5294;0
0,3654;0,4274;1
0,7656;0,3654;1
0,8800;0,7656;0
0,6053;0,8800;1
0,8132;0,6053;1
0,8308;0,8132;0
0,1600;0,8308;0
0,7297;0,1600;0
0,4091;0,7297;1
0,9375;0,4091;1
0,9574;0,9375;1
0,9508;0,9574;1
1,0000;0,9508;1
0,7292;1,0000;1
0,7895;0,7292;1
0,5556;0,7895;1
0,6500;0,5556;1
0,8039;0,6500;1
0,7778;0,8039;0
0,0732;0,7778;1
0,7347;0,0732;0
0,3846;0,7347;0
0,8750;0,3846;0
0,4286;0,8750;1
0,8636;0,4286;1
0,5682;0,8636;1
0,5263;0,5682;1
0,8182;0,5263;0
0,5357;0,8182;1
0,6667;0,5357;1
0,5000;0,6667;1
0,9259;0,5000;1
0,6774;0,9259;0
0,5102;0,6774;0
0,3913;0,5102;0
0,2941;0,3913;0
0,1087;0,2941;0
0,8722;0,1087;1
0,4231;0,8722;1
0,8372;0,4231;0
0,5862;0,8372;0
0,3478;0,5862;0
0,0385;0,3478;0
0,4630;0,0385;1
0,7321;0,4630;1
0,7143;0,7321;0
0,4231;0,7143;1
0,9048;0,4231;0
0,3714;0,9048;1
0,6207;0,3714;0
0,1250;0,6207;1
0,7059;0,1250;0
0,4068;0,7059;1
0,3000;0,4068;0
0,2881;0,3000;0
0,3554;0,2881;1
0,4314;0,3554;1
0,6429;0,4314;0
0,4516;0,6429;1
1,0000;0,4516;1
0,9800;1,0000;0
0,1932;0,9800;0
0,2979;0,1932;1
0,9600;0,2979;1
0,7436;0,9600;0
0,5185;0,7436;1
1,0000;0,5185;1
0,2857;1,0000;1
0,5625;0,2857;0
0,1500;0,5625;1
0,7143;0,1500;0
0,7083;0,7143;1
0,5854;0,7083;0
0,1429;0,5854;0
0,5652;0,1429;1
0,7727;0,5652;1
0,9206;0,7727;1
0,9643;0,9206;0
0,1429;0,9643;1
0,8400;0,1429;0
0,6957;0,8400;1
0,9286;0,6957;1
0,9868;0,9286;0
0,7241;0,9868;1
0,7391;0,7241;1
0,5862;0,7391;0
0,4605;0,5862;0
0,6818;0,4605;1
0,8065;0,6818;1
0,6667;0,8065;1
0,6522;0,6667;1
0,4545;0,6522;0
0,2800;0,4545;1
1,0000;0,2800;1
0,8977;1,0000;0
0,8519;0,8977;1
0,5063;0,8519;1
0,9123;0,5063;0
0,3500;0,9123;0
0,7255;0,3500;1
0,6071;0,7255;1
0,7027;0,6071;1
0,8000;0,7027;1
0,6970;0,8000;0
0,6593;0,6970;0
0,2500;0,6593;0
0,3148;0,2500;0
0,6757;0,3148;1
0,6552;0,6757;1
1,0000;0,6552;0
0,5128;1,0000;0
0,4211;0,5128;0
0,1852;0,4211;0
0,6522;0,1852;1
0,7083;0,6522;0
0,7241;0,7083;1
1,0000;0,7241;0
0,7727;1,0000;0
0,2581;0,7727;0
0,3250;0,2581;1
0,4167;0,3250;1
0,7368;0,4167;0
0,3500;0,7368;0
0,4783;0,3500;1
0,7143;0,4783;1
0,9167;0,7143;0
0,5417;0,9167;1
0,5625;0,5417;1
0,9474;0,5625;1
0,6316;0,9474;1
0,6250;0,6316;1
0,6727;0,6250;1
0,5227;0,6727;0
0,7222;0,5227;0
0,4595;0,7222;1
0,7917;0,4595;0
0,5306;0,7917;1
1,0000;0,5306;1
0,8131;1,0000;1
0,5172;0,8131;0
0,6981;0,5172;1
0,5128;0,6981;1
0,8667;0,5128;1
0,6489;0,8667;1
0,8861;0,6489;0
0,3603;0,8861;1
0,8340;0,3603;1
1,0000;0,8340;0
0,7722;1,0000;1
0,8584;0,7722;1
0,7455;0,8584;1
0,8615;0,7455;1
0,4687;0,8615;0
0,2410;0,4687;0
0,6520;0,2410;1
0,7905;0,6520;0
0,4833;0,7905;1
0,6780;0,4833;1
0,7945;0,6780;1
0,9517;0,7945;1
0,8571;0,9517;1
0,7606;0,8571;1
0,9028;0,7606;1
0,9709;0,9028;1
0,5686;0,9709;0
0,0047;0,5686;1
0,9354;0,0047;0
0,7092;0,9354;1
0,5942;0,7092;0
0,7583;0,5942;1
0,7468;0,7583;1
0,9193;0,7468;1
0,7500;0,9193;1
0,6515;0,7500;1
0,3558;0,6515;0
0,6667;0,3558;1
0,5750;0,6667;1
1,0000;0,5750;1
0,6203;1,0000;0
0,1279;0,6203;1
0,6851;0,1279;1
0,7980;0,6851;0
0,6627;0,7980;1
1,0000;0,6627;1
0,7809;1,0000;1
0,9310;0,7809;1
0,0982;0,9310;1
0,7131;0,0982;1
0,9080;0,7131;1
0,9609;0,9080;0
0,2137;0,9609;1
0,9761;0,2137;0
0,6502;0,9761;1
0,8930;0,6502;1
0,5773;0,8930;0
0,5238;0,5773;1
0,6697;0,5238;1
0,6383;0,6697;1
0,7778;0,6383;1
0,7617;0,7778;1
0,8181;0,7617;1
0,6568;0,8181;0
0,5554;0,6568;0
0,6612;0,5554;1
0,8980;0,6612;1
0,4811;0,8980;1
0,8154;0,4811;1
0,9477;0,8154;0
0,5401;0,9477;1
0,7453;0,5401;1
0,6504;0,7453;1
0,7250;0,6504;1
0,8547;0,7250;1
0,9804;0,8547;1
0,6757;0,9804;0
0,6113;0,6757;1
0,8218;0,6113;1
0,7087;0,8218;1
0,8833;0,7087;1
0,7730;0,8833;1
0,8114;0,7730;0
0,3727;0,8114;0
0,1873;0,3727;0
0,7318;0,1873;0
0,1685;0,7318;0
0,2175;0,1685;0
0,3568;0,2175;0
0,5320;0,3568;1
0,8391;0,5320;1
0,8522;0,8391;1
0,4189;0,8522;1
0,6835;0,4189;0
0,4488;0,6835;1
1,0000;0,4488;1
0,9717;1,0000;1
0,5198;0,9717;0
0,5159;0,5198;0
0,6563;0,5159;0
0,3081;0,6563;1
0,7560;0,3081;1
0,6841;0,7560;0
0,4045;0,6841;0
0,3433;0,4045;0
0,4230;0,3433;0
0,6367;0,4230;1
0,8601;0,6367;1
0,7578;0,8601;0
0,3303;0,7578;0
0,7326;0,3303;1
0,5082;0,7326;0
0,8130;0,5082;1
0,5620;0,8130;0
0,4599;0,5620;0
0,4773;0,4599;1
0,7945;0,4773;0
0,1908;0,7945;1
0,8346;0,1908;1
0,8894;0,8346;1
0,7709;0,8894;0
0,3137;0,7709;0
0,6000;0,3137;1
0,8366;0,6000;1
0,9040;0,8366;0
0,2778;0,9040;1
0,6660;0,2778;1
0,6099;0,6660;1
0,5184;0,6099;1
0,8648;0,5184;0
0,3603;0,8648;1
0,6746;0,3603;1
0,9750;0,6746;0
0,0882;0,9750;0
0,1449;0,0882;1
0,5247;0,1449;0
0,1780;0,5247;1
0,6600;0,1780;1
0,4396;0,6600;0
0,2390;0,4396;0
0,0773;0,2390;0
0,3768;0,0773;0
0,3875;0,3768;0
0,5743;0,3875;1
0,6446;0,5743;1
0,6947;0,6446;1
0,2361;0,6947;0
0,0579;0,2361;0
0,1771;0,0579;1
0,4023;0,1771;0
0,1067;0,4023;1
0,6579;0,1067;1
0,3796;0,6579;1
0,3904;0,3796;1
0,7700;0,3904;0
0,2288;0,7700;0
0,4940;0,2288;0
0,2014;0,4940;0
0,2846;0,2014;0
0,1470;0,2846;1
0,7053;0,1470;0
0,2138;0,7053;0
0,2860;0,2138;1
0,3414;0,2860;1
0,6549;0,3414;0
0,0206;0,6549;1
0,5508;0,0206;0
0,0291;0,5508;0
0,8184;0,0291;0
0,3192;0,8184;0
0,2549;0,3192;1
0,9455;0,2549;1
0,6832;0,9455;0
0,7369;0,6832;1
0,9862;0,7369;1
0,2455;0,9862;1
0,9563;0,2455;0
0,2541;0,9563;1
0,6546;0,2541;0
0,2326;0,6546;1
0,6073;0,2326;0
0,3071;0,6073;1
0,5789;0,3071;0
0,1436;0,5789;1
1,0000;0,1436;0
0,8182;1,0000;1
0,7161;0,8182;0
0,7561;0,7161;1
0,8645;0,7561;0
0,0135;0,8645;0
0,3500;0,0135;1
0,7264;0,3500;1
0,6886;0,7264;1
0,9960;0,6886;0
0,3284;0,9960;0
0,2000;0,3284;0
0,4845;0,2000;1
0,7584;0,4845;1
0,6480;0,7584;1
0,6209;0,6480;1
0,9219;0,6209;0
0,9105;0,9219;0
0,6839;0,9105;0
0,7352;0,6839;1
0,4079;0,7352;1
0,9237;0,4079;1
0,7165;0,9237;0
0,0356;0,7165;1
0,9594;0,0356;0
0,1905;0,9594;0
0,6374;0,1905;1
1,0000;0,6374;0
0,6329;1,0000;1
0,5333;0,6329;1
1,0000;0,5333;1
0,8261;1,0000;0
0,4916;0,8261;0
0,5246;0,4916;1
0,7059;0,5246;1
0,9121;0,7059;0
0,3300;0,9121;1
0,8836;0,3300;1
0,8170;0,8836;0
0,4832;0,8170;1
0,7885;0,4832;1
0,9777;0,7885;0
0,8609;0,9777;0
0,6752;0,8609;0
0,5894;0,6752;0
0,4540;0,5894;0
0,7094;0,4540;0
0,1684;0,7094;1
0,7089;0,1684;0
0,0354;0,7089;1
0,6829;0,0354;0
0,3654;0,6829;1
0,7407;0,3654;1
0,6218;0,7407;1
0,7800;0,6218;0
0,2379;0,7800;1
0,6981;0,2379;1
0,6333;0,6981;1
0,7143;0,6333;1
0,7576;0,7143;0
0,4467;0,7576;0
0,4477;0,4467;0
0,2740;0,4477;0
0,3510;0,2740;0
0,0000;0,3510;1
0,7676;0,0000;1
0,6014;0,7676;0
0,6798;0,6014;1
0,5000;0,6798;1
0,7607;0,5000;0
0,3279;0,7607;1
0,7967;0,3279;1
0,6188;0,7967;0
0,6429;0,6188;1
0,9741;0,6429;1
0,6995;0,9741;0
0,6690;0,6995;1
0,6500;0,6690;1
0,7940;0,6500;1
0,4545;0,7940;1
0,6911;0,4545;1
0,1762;0,6911;1
0,3239;0,1762;1
0,7985;0,3239;1
0,8431;0,7985;1
0,4003;0,8431;1
0,7813;0,4003;0
0,2131;0,7813;1
0,9873;0,2131;1
0,9567;0,9873;1
0,5559;0,9567;1
1,0000;0,5559;1
0,8708;1,0000;1
0,6534;0,8708;1
0,8228;0,6534;0
0,5432;0,8228;0
0,5291;0,5432;0
0,2296;0,5291;1
0,8728;0,2296;1
0,6402;0,8728;1
0,8883;0,6402;0
0,3984;0,8883;1
0,8243;0,3984;1
0,8033;0,8243;1
0,4727;0,8033;1
0,7939;0,4727;1
0,8668;0,7939;1
0,7591;0,8668;1
0,9391;0,7591;1
0,7657;0,9391;1
0,8524;0,7657;1
0,8526;0,8524;0
0,4799;0,8526;1
0,8451;0,4799;1
0,5033;0,8451;1
0,8815;0,5033;1
0,7759;0,8815;0
0,0000;0,7759;1
0,8843;0,0000;1
0,9749;0,8843;1
0,9626;0,9749;0
0,4315;0,9626;0
0,6259;0,4315;1
0,9952;0,6259;1
0,9620;0,9952;1
0,3680;0,9620;0
0,6885;0,3680;0
0,3221;0,6885;1
0,9064;0,3221;1
0,8598;0,9064;1
0,6668;0,8598;1
0,8567;0,6668;1
0,5193;0,8567;0
0,4550;0,5193;1
0,7509;0,4550;1
0,7443;0,7509;1
0,9628;0,7443;0
0,6636;0,9628;0
0,4365;0,6636;0
0,4721;0,4365;1
0,7180;0,4721;1
0,7804;0,7180;1
0,9170;0,7804;0
0,3317;0,9170;0
0,3926;0,3317;1
0,3119;0,3926;0
0,3121;0,3119;1
0,7732;0,3121;0
0,3252;0,7732;0
0,3866;0,3252;0
0,4341;0,3866;1
0,9344;0,4341;0
0,2860;0,9344;0
0,4167;0,2860;1
0,4999;0,4167;1
0,9037;0,4999;1
0,5346;0,9037;1
0,6701;0,5346;1
0,8491;0,6701;0
0,1769;0,8491;1
0,5010;0,1769;1
0,8519;0,5010;1
0,7052;0,8519;0
0,6573;0,7052;1
0,6761;0,6573;1
0,8768;0,6761;0
0,3740;0,8768;1
0,8396;0,3740;1
0,8631;0,8396;1
0,4628;0,8631;0
0,1055;0,4628;1
0,7245;0,1055;1
0,8482;0,7245;1
0,9904;0,8482;1
0,8788;0,9904;0
0,4179;0,8788;0
0,4700;0,4179;1
0,5202;0,4700;1
0,7582;0,5202;0
0,3243;0,7582;0
0,0233;0,3243;1
0,7777;0,0233;1
0,7026;0,7777;1
0,6309;0,7026;0
0,5885;0,6309;0
0,3561;0,5885;0
0,4123;0,3561;0
0,3670;0,4123;1
0,9391;0,3670;1
0,8187;0,9391;0
0,1597;0,8187;1
0,7065;0,1597;1
0,6094;0,7065;1
0,7100;0,6094;0
0,4678;0,7100;1
0,6663;0,4678;0
0,2128;0,6663;1
0,6584;0,2128;1
0,5313;0,6584;0
0,4890;0,5313;0
0,0195;0,4890;0
0,5406;0,0195;0
0,2935;0,5406;1
0,6026;0,2935;0
0,8600;0,6026;0
0,1443;0,8600;1
0,4253;0,1443;0
0,0962;0,4253;1
0,6686;0,0962;1
0,5203;0,6686;0
0,2020;0,5203;1
0,5857;0,2020;0
0,1694;0,5857;1
0,7080;0,1694;0
0,0000;0,7080;0
0,5104;0,0000;1
0,6586;0,5104;1
0,4722;0,6586;0
0,0035;0,4722;0
0,6554;0,0035;1
0,5271;0,6554;1
0,7020;0,5271;0
0,3333;0,7020;1
0,9898;0,3333;0
0,2313;0,9898;1
0,6768;0,2313;1
0,2131;0,6768;0
0,4081;0,2131;0
0,4159;0,4081;0
0,3623;0,4159;0
0,3479;0,3623;1
0,6897;0,3479;0
0,1158;0,6897;1
0,5494;0,1158;1
0,4198;0,5494;1
0,6116;0,4198;0
0,4759;0,6116;1
0,6589;0,4759;0
0,2851;0,6589;0
0,3658;0,2851;1
0,8619;0,3658;0
0,0712;0,8619;0
0,2756;0,0712;0
0,4226;0,2756;0
0,3642;0,4226;1
0,3684;0,3642;1
1,0000;0,3684;0
0,5238;1,0000;1
0,7111;0,5238;0
0,0823;0,7111;0
0,3577;0,0823;1
0,5194;0,3577;0
0,1250;0,5194;0
0,2194;0,1250;1
0,6059;0,2194;0
0,1273;0,6059;1
0,8163;0,1273;1
0,6645;0,8163;1
0,7253;0,6645;1
0,4465;0,7253;0
0,1508;0,4465;1
0,1442;0,1508;0
0,1568;0,1442;0
0,0462;0,1568;1
0,8107;0,0462;1
0,3304;0,8107;0
0,4278;0,3304;1
0,8180;0,4278;1
0,5714;0,8180;1
0,3851;0,5714;0
0,2840;0,3851;0
0,3565;0,2840;1
0,7341;0,3565;0
0,3210;0,7341;0
0,1731;0,3210;0
0,5437;0,1731;0
0,7957;0,5437;1
0,8448;0,7957;0
0,3160;0,8448;0
0,7480;0,3160;0
0,1976;0,7480;0
0,7768;0,1976;1
0,4756;0,7768;1
0,7952;0,4756;1
0,4851;0,7952;0
0,3025;0,4851;0
0,5502;0,3025;0
0,1770;0,5502;0
0,2611;0,1770;0
0,5078;0,2611;1
0,7673;0,5078;0
0,1218;0,7673;1
0,6613;0,1218;1
0,2405;0,6613;0
0,1688;0,2405;1
0,5200;0,1688;1
0,2819;0,5200;1
0,8358;0,2819;1
0,5554;0,8358;1
0,9728;0,5554;1
0,9475;0,9728;0
0,4737;0,9475;0
0,5730;0,4737;1
0,7600;0,5730;1
0,4279;0,7600;1
0,9719;0,4279;1
0,2988;0,9719;1
0,8735;0,2988;1
0,9197;0,8735;1
0,5121;0,9197;0
0,4913;0,5121;0
0,2721;0,4913;1
0,5464;0,2721;1
0,9071;0,5464;1
0,8026;0,9071;1
0,5546;0,8026;0
0,7295;0,5546;1
0,6951;0,7295;0
0,5815;0,6951;1
0,6567;0,5815;0
0,1145;0,6567;1
0,7284;0,1145;1
0,2634;0,7284;0
0,2436;0,2634;1
0,6200;0,2436;0
0,2110;0,6200;0
0,0933;0,2110;0
0,5608;0,0933;0
0,3004;0,5608;1
0,7636;0,3004;1
0,5304;0,7636;1
0,9855;0,5304;0
0,1073;0,9855;0
0,3491;0,1073;0
0,2977;0,3491;1
0,7480;0,2977;1
0,4828;0,7480;0
0,2556;0,4828;0
0,6059;0,2556;0
0,3009;0,6059;1
0,8188;0,3009;1
0,6707;0,8188;1
0,4809;0,6707;0
0,5038;0,4809;1
0,9167;0,5038;0
0,2575;0,9167;1
0,5952;0,2575;0
0,2712;0,5952;0
0,2357;0,2712;0
0,5564;0,2357;1
0,5464;0,5564;0
0,3349;0,5464;1
0,7335;0,3349;0
0,5727;0,7335;0
0,4553;0,5727;1
0,8908;0,4553;1
0,5192;0,8908;0
0,2334;0,5192;0
0,5533;0,2334;0
0,1595;0,5533;0
0,3872;0,1595;1
0,5272;0,3872;1
0,7562;0,5272;0
0,2156;0,7562;0
0,0546;0,2156;1
0,6723;0,0546;0
0,3395;0,6723;0
0,2899;0,3395;0
0,2162;0,2899;1
0,5743;0,2162;0
0,2432;0,5743;0
0,2789;0,2432;0
0,8073;0,2789;0
0,4952;0,8073;0
0,1549;0,4952;1
0,7580;0,1549;1
0,6971;0,7580;0
0,3987;0,6971;0
0,6573;0,3987;1
0,4688;0,6573;0
0,5164;0,4688;0
0,3738;0,5164;1
0,7824;0,3738;1
0,5668;0,7824;0
0,3384;0,5668;1
0,3815;0,3384;0
0,1230;0,3815;0
0,2985;0,1230;0
0,2574;0,2985;0
0,3351;0,2574;0
0,1608;0,3351;1
0,9525;0,1608;0
0,0000;0,9525;0
0,5901;0,0000;1
0,7955;0,5901;1
0,7103;0,7955;1
0,4933;0,7103;1
0,7134;0,4933;0
0,0665;0,7134;1
0,7413;0,0665;0
0,5525;0,7413;1
0,6449;0,5525;1
0,3868;0,6449;0
0,3934;0,3868;1
0,7444;0,3934;0
0,2152;0,7444;0
0,1733;0,2152;1
0,5683;0,1733;0
0,6090;0,5683;0
0,3936;0,6090;1
0,7741;0,3936;0
0,2379;0,7741;1
0,7744;0,2379;0
0,0509;0,7744;0
0,5153;0,0509;0
0,7185;0,5153;1
0,6461;0,7185;0
0,1795;0,6461;0
0,4872;0,1795;1
0,6659;0,4872;0
0,5823;0,6659;0
0,3796;0,5823;0
0,0739;0,3796;0
0,1185;0,0739;0
0,1363;0,1185;0
0,2640;0,1363;1
0,5049;0,2640;0
0,2388;0,5049;1
0,5023;0,2388;1
0,8549;0,5023;0
0,2033;0,8549;0
0,1860;0,2033;0
0,2849;0,1860;0
0,1824;0,2849;0
0,1449;0,1824;0
0,4418;0,1449;1
0,7207;0,4418;0
0,1186;0,7207;0
0,2355;0,1186;0
0,0451;0,2355;0
0,1482;0,0451;0
0,3933;0,1482;1
0,7208;0,3933;0
0,4689;0,7208;1
0,9038;0,4689;1
0,5155;0,9038;0
0,1778;0,5155;1
0,6043;0,1778;1
0,7172;0,6043;1
0,9131;0,7172;1
0,6273;0,9131;0
0,3293;0,6273;0
0,3701;0,3293;1
0,7069;0,3701;1
0,8071;0,7069;0
0,4103;0,8071;0
0,3517;0,4103;1
0,5434;0,3517;0
0,2491;0,5434;0
0,0775;0,2491;0
0,1592;0,0775;0
0,5867;0,1592;1
0,4495;0,5867;0
0,5672;0,4495;1
0,4453;0,5672;0
0,0425;0,4453;1
0,7492;0,0425;0
0,2841;0,7492;0
0,0907;0,2841;1
0,5654;0,0907;0
0,1459;0,5654;1
0,5246;0,1459;1
0,8695;0,5246;1
0,8390;0,8695;0
0,1992;0,8390;1
0,5345;0,1992;1
0,8611;0,5345;1
0,6041;0,8611;0
0,3408;0,6041;1
0,8516;0,3408;0
0,2164;0,8516;0
0,3050;0,2164;0
0,2983;0,3050;1
0,5848;0,2983;0
0,2088;0,5848;0
0,2723;0,2088;0
0,2617;0,2723;0
0,0516;0,2617;0
0,4723;0,0516;1
0,5271;0,4723;1
0,9817;0,5271;1
0,5943;0,9817;0
0,1473;0,5943;0
0,1392;0,1473;1
0,5749;0,1392;1
0,8655;0,5749;0
0,1138;0,8655;1
0,4051;0,1138;1
0,5160;0,4051;0
0,1227;0,5160;0
0,2431;0,1227;0
0,1785;0,2431;1
0,8371;0,1785;0
0,4928;0,8371;1
0,4907;0,4928;0
0,1554;0,4907;0
0,3839;0,1554;0
0,0955;0,3839;1
0,3929;0,0955;1
0,7614;0,3929;0
0,2413;0,7614;1
0,7407;0,2413;0
0,0957;0,7407;0
0,0531;0,0957;0
0,3873;0,0531;0
0,3777;0,3873;1
0,7178;0,3777;1
0,7445;0,7178;0
0,1814;0,7445;1
0,7740;0,1814;1
0,4659;0,7740;0
0,0115;0,4659;0
0,3429;0,0115;1
0,8179;0,3429;0
0,2159;0,8179;0
0,4952;0,2159;0
0,1304;0,4952;0
0,3492;0,1304;1
0,8018;0,3492;0
0,0000;0,8018;1
0,3959;0,0000;0
0,1516;0,3959;0
0,1856;0,1516;1
0,3611;0,1856;1
0,9378;0,3611;1
0,5377;0,9378;0
0,4440;0,5377;0
0,7284;0,4440;0
0,1795;0,7284;0
0,1641;0,1795;1
0,6253;0,1641;0
0,2079;0,6253;0
0,0894;0,2079;1
0,6108;0,0894;1
0,3736;0,6108;0
0,1799;0,3736;1
0,4677;0,1799;1
0,7173;0,4677;0
0,4960;0,7173;1
0,9401;0,4960;1
0,5706;0,9401;1
0,9326;0,5706;1
0,5868;0,9326;1
0,5569;0,5868;1
0,3276;0,5569;0
0,4211;0,3276;0
0,1171;0,4211;1
0,6961;0,1171;0
0,1461;0,6961;0
0,1973;0,1461;1
0,9235;0,1973;0
0,3979;0,9235;1
0,0951;0,3979;1
0,5670;0,0951;0
0,2756;0,5670;1
0,6557;0,2756;1
0,7870;0,6557;0
0,2989;0,7870;1
0,8425;0,2989;0
0,5266;0,8425;0
0,0851;0,5266;1
0,8905;0,0851;1
0,7451;0,8905;1
0,8792;0,7451;0
0,1766;0,8792;1
0,6607;0,1766;1
0,5925;0,6607;0
0,1317;0,5925;1
0,6793;0,1317;1
0,6199;0,6793;0
0,4854;0,6199;0
0,2351;0,4854;1
0,9208;0,2351;0
0,6618;0,9208;0
0,5383;0,6618;0
0,6169;0,5383;1
0,8541;0,6169;0
0,6303;0,8541;1
0,8713;0,6303;1
0,8941;0,8713;1
0,8337;0,8941;0
0,1847;0,8337;1
0,8221;0,1847;0
0,4851;0,8221;1
0,6491;0,4851;0
0,2534;0,6491;1
0,8382;0,2534;1
0,4449;0,8382;1
0,7104;0,4449;1
0,3852;0,7104;0
0,1051;0,3852;0
0,1047;0,1051;1
0,8453;0,1047;1
0,7001;0,8453;0
0,3096;0,7001;0
0,0331;0,3096;0
0,5706;0,0331;1
0,4768;0,5706;1
0,4566;0,4768;1
0,7961;0,4566;0
0,4590;0,7961;0
0,2181;0,4590;0
0,5561;0,2181;1
0,2587;0,5561;1
0,6857;0,2587;1
0,5935;0,6857;0
0,1271;0,5935;1
0,8974;0,1271;0
0,3443;0,8974;1
0,7655;0,3443;1
0,7516;0,7655;1
0,7793;0,7516;0
0,5456;0,7793;1
0,8487;0,5456;0
0,1214;0,8487;1
0,6859;0,1214;0
0,3042;0,6859;0
0,4591;0,3042;0
0,1748;0,4591;1
0,7460;0,1748;0
0,6898;0,7460;0
0,0869;0,6898;0
0,1093;0,0869;1
0,5818;0,1093;1
0,8861;0,5818;0
0,1538;0,8861;1
0,8352;0,1538;0
0,1767;0,8352;1
0,5196;0,1767;1
0,8318;0,5196;1
0,4146;0,8318;0
0,3481;0,4146;0
0,3985;0,3481;0
0,3181;0,3985;0
0,4035;0,3181;1
0,5390;0,4035;1
0,3526;0,5390;1
0,5823;0,3526;1
0,7564;0,5823;0
0,1432;0,7564;1
0,8146;0,1432;1
0,7365;0,8146;0
0,1664;0,7365;0
0,4874;0,1664;0
0,2884;0,4874;1
0,8262;0,2884;1
0,9059;0,8262;0
0,2603;0,9059;0
0,1997;0,2603;1
0,7164;0,1997;0
0,3793;0,7164;1
0,5988;0,3793;0
0,1626;0,5988;1
0,7054;0,1626;0
0,2400;0,7054;0
0,0511;0,2400;0
0,0998;0,0511;1
0,2662;0,0998;1
0,4835;0,2662;1
0,4987;0,4835;1
0,8266;0,4987;0
0,1413;0,8266;1
0,6513;0,1413;0
0,2163;0,6513;1
0,5524;0,2163;0
0,3231;0,5524;1
0,6321;0,3231;0
0,1185;0,6321;0
0,3737;0,1185;0
0,0656;0,3737;0
0,0587;0,0656;1
0,8534;0,0587;0
0,5287;0,8534;0
0,3636;0,5287;0
0,5078;0,3636;1
0,4312;0,5078;0
0,2934;0,4312;1
0,7986;0,2934;1
0,5380;0,7986;0
0,3875;0,5380;0
0,2739;0,3875;1
0,6019;0,2739;1
0,8910;0,6019;1
0,5272;0,8910;1
0,8358;0,5272;1
0,5732;0,8358;1
0,4945;0,5732;0
0,5818;0,4945;0
0,1546;0,5818;1
0,5402;0,1546;0
0,2267;0,5402;1
0,8946;0,2267;0
0,3258;0,8946;0
0,2477;0,3258;1
0,6000;0,2477;0
0,3588;0,6000;1
0,6638;0,3588;0
0,1441;0,6638;1
0,8102;0,1441;1
0,4386;0,8102;0
0,2601;0,4386;0
0,2326;0,2601;0
0,3384;0,2326;1
0,9160;0,3384;1
0,7183;0,9160;1
0,6997;0,7183;0
0,1561;0,6997;1
0,2710;0,1561;1
0,8769;0,2710;1
0,5811;0,8769;1
0,7267;0,5811;1
0,7508;0,7267;0
0,3312;0,7508;1
0,2550;0,3312;1
0,4207;0,2550;0
0,2489;0,4207;0
0,4752;0,2489;0
0,8234;0,4752;1
0,7285;0,8234;1
0,8947;0,7285;1
0,3728;0,8947;0
0,6403;0,3728;1
0,8363;0,6403;1
0,7432;0,8363;0
0,3850;0,7432;1
0,6614;0,3850;1
0,7848;0,6614;1
0,5733;0,7848;0
0,4148;0,5733;0
0,0090;0,4148;0
0,4848;0,0090;0
0,5019;0,4848;1
0,8394;0,5019;1
0,4912;0,8394;1
0,8736;0,4912;0
0,3803;0,8736;0
0,0948;0,3803;0
0,2440;0,0948;0
0,0043;0,2440;0
0,4677;0,0043;1
0,4438;0,4677;1
0,9177;0,4438;1
0,3577;0,9177;0
0,5536;0,3577;1
0,7143;0,5536;0
0,2827;0,7143;0
0,5129;0,2827;0
0,5825;0,5129;0
0,2981;0,5825;0
0,0233;0,2981;1
0,8277;0,0233;0
0,3555;0,8277;0
0,4398;0,3555;0
0,2147;0,4398;0
0,3275;0,2147;1
0,8597;0,3275;1
0,6826;0,8597;0
0,5677;0,6826;1
0,8024;0,5677;0
0,1042;0,8024;0
0,2722;0,1042;1
0,7778;0,2722;0
0,3697;0,7778;1
0,7680;0,3697;0
0,3829;0,7680;1
0,7602;0,3829;1
0,5793;0,7602;1
0,7934;0,5793;1
0,5701;0,7934;1
0,6468;0,5701;0
0,3369;0,6468;0
0,6291;0,3369;1
0,3849;0,6291;0
0,1584;0,3849;0
0,1535;0,1584;1
0,6126;0,1535;0
0,3255;0,6126;0
0,3766;0,3255;1
0,7597;0,3766;0
0,2811;0,7597;0
0,5307;0,2811;1
0,6132;0,5307;0
0,0592;0,6132;1
0,4630;0,0592;1
0,6298;0,4630;1
0,8687;0,6298;0
0,3042;0,8687;1
0,9064;0,3042;0
0,0299;0,9064;1
0,7080;0,0299;1
0,7154;0,7080;0
0,0855;0,7154;1
0,7865;0,0855;0
0,0352;0,7865;1
0,7530;0,0352;0
0,4806;0,7530;1
0,7429;0,4806;1
0,7258;0,7429;1
0,3347;0,7258;0
0,3487;0,3347;1
0,6761;0,3487;1
0,7232;0,6761;1
0,5650;0,7232;0
0,1480;0,5650;1
0,7326;0,1480;1
0,5782;0,7326;1
0,7153;0,5782;1
0,5220;0,7153;1
0,4295;0,5220;0
0,1327;0,4295;1
0,6786;0,1327;1
0,7684;0,6786;0
0,3988;0,7684;1
0,6388;0,3988;1
0,7610;0,6388;1
0,8894;0,7610;1
0,4101;0,8894;0
0,5501;0,4101;1
0,7765;0,5501;1
0,7500;0,7765;1
0,4970;0,7500;1
0,3749;0,4970;0
0,0163;0,3749;1
0,9076;0,0163;1
0,7858;0,9076;1
0,5581;0,7858;1
0,5070;0,5581;0
0,5222;0,5070;0
0,3592;0,5222;1
0,6575;0,3592;0
0,0599;0,6575;1
0,7637;0,0599;0
0,0286;0,7637;0
0,0722;0,0286;1
0,6361;0,0722;1
0,5305;0,6361;0
0,2962;0,5305;0
0,1986;0,2962;1
0,9759;0,1986;1
0,6748;0,9759;1
0,9276;0,6748;0
0,2424;0,9276;0
0,7160;0,2424;1
0,7182;0,7160;0
0,6235;0,7182;0
0,3677;0,6235;0
0,6596;0,3677;1
0,6886;0,6596;1
0,3463;0,6886;1
0,6761;0,3463;0
0,6402;0,6761;1
0,9072;0,6402;1
0,6723;0,9072;0
0,2050;0,6723;0
0,6816;0,2050;1
0,3850;0,6816;0
0,5239;0,3850;1
0,8087;0,5239;1
0,7921;0,8087;0
0,6594;0,7921;1
0,8441;0,6594;1
0,6637;0,8441;1
0,7540;0,6637;1
0,8719;0,7540;0
0,3552;0,8719;1
0,8522;0,3552;1
0,6819;0,8522;1
0,9417;0,6819;0
0,6182;0,9417;0
0,8020;0,6182;1
0,7700;0,8020;0
0,4971;0,7700;0
0,2247;0,4971;0
0,5656;0,2247;1
0,4175;0,5656;1
0,8831;0,4175;1
0,6081;0,8831;0
0,4849;0,6081;0
0,2177;0,4849;1
0,7672;0,2177;0
0,2969;0,7672;1
0,8502;0,2969;0
0,2824;0,8502;1
0,9595;0,2824;1
0,9690;0,9595;1
0,5934;0,9690;0
0,2307;0,5934;1
0,8985;0,2307;0
0,3828;0,8985;0
0,6464;0,3828;1
0,9983;0,6464;0
0,4533;0,9983;0
0,4763;0,4533;0
0,7064;0,4763;1
0,7844;0,7064;0
0,4137;0,7844;0
0,0710;0,4137;1
0,6334;0,0710;0
0,0422;0,6334;0
0,7575;0,0422;1
0,8197;0,7575;0
0,7071;0,8197;0
0,3431;0,7071;1
0,8291;0,3431;0
0,1862;0,8291;0
0,1357;0,1862;1
0,7211;0,1357;1
0,8258;0,7211;0
0,2661;0,8258;1
0,6092;0,2661;0
0,5836;0,6092;0
0,2189;0,5836;0
0,6569;0,2189;1
0,5879;0,6569;0
0,6260;0,5879;0
0,3713;0,6260;1
0,5439;0,3713;0
0,2817;0,5439;1
0,8315;0,2817;0
0,0619;0,8315;0
0,2766;0,0619;0
0,3086;0,2766;0
0,0800;0,3086;1
0,7462;0,0800;1
0,6702;0,7462;0
0,2726;0,6702;1
0,4793;0,2726;1
0,6599;0,4793;1
0,7918;0,6599;0
0,0333;0,7918;1
0,6322;0,0333;1
0,8828;0,6322;0
0,3851;0,8828;1
0,5793;0,3851;1
0,7187;0,5793;1
0,4943;0,7187;1
0,7970;0,4943;0
0,2989;0,7970;1
0,7957;0,2989;0
0,3858;0,7957;1
0,7889;0,3858;1
0,3949;0,7889;1
0,7267;0,3949;1
0,5491;0,7267;0
0,4263;0,5491;0
0,0082;0,4263;0
0,2775;0,0082;0
0,0962;0,2775;0
0,7155;0,0962;1
0,7303;0,7155;1
0,7427;0,7303;0
0,6379;0,7427;1
0,4410;0,6379;1
0,9185;0,4410;1
0,4387;0,9185;0
0,2492;0,4387;1
0,8340;0,2492;0
0,5038;0,8340;1
0,7200;0,5038;1
0,5638;0,7200;1
0,6467;0,5638;0
0,0700;0,6467;1
0,3732;0,0700;1
0,6862;0,3732;0
0,3906;0,6862;1
0,8826;0,3906;1
0,5907;0,8826;0
0,5464;0,5907;0
0,3233;0,5464;1
0,6855;0,3233;1
0,7001;0,6855;0
0,7504;0,7001;0
0,3305;0,7504;0
0,4574;0,3305;1
0,8110;0,4574;0
0,6294;0,8110;1
0,6246;0,6294;0
0,4677;0,6246;1
0,8029;0,4677;1
0,5505;0,8029;0
0,3376;0,5505;0
0,4806;0,3376;0
0,5164;0,4806;0
0,6357;0,5164;1
0,6581;0,6357;1
0,6971;0,6581;1
0,8408;0,6971;0
0,6843;0,8408;1
0,7880;0,6843;1
0,9011;0,7880;1
0,6995;0,9011;0
0,3027;0,6995;1
0,6182;0,3027;1
0,6850;0,6182;1
0,7550;0,6850;1
0,8850;0,7550;0
0,0024;0,8850;1
0,5361;0,0024;1
0,7875;0,5361;1
0,9381;0,7875;1
0,7395;0,9381;0
0,1872;0,7395;0
0,3963;0,1872;1
0,8787;0,3963;0
0,4554;0,8787;1
0,6545;0,4554;0
0,3267;0,6545;1
0,6339;0,3267;0
0,1939;0,6339;1
0,5798;0,1939;1
0,9887;0,5798;0
0,2917;0,9887;0
0,2500;0,2917;1
0,5175;0,2500;0
0,3781;0,5175;0
0,2581;0,3781;1
0,3600;0,2581;1
0,5557;0,3600;1
0,8511;0,5557;1
0,5681;0,8511;0
0,0470;0,5681;1
0,3606;0,0470;1
0,5590;0,3606;0
0,0358;0,5590;0
0,3985;0,0358;1
0,4197;0,3985;0
0,2133;0,4197;1
0,8831;0,2133;1
0,5465;0,8831;1
0,5630;0,5465;1
0,4237;0,5630;1
0,7829;0,4237;1
1,0000;0,7829;1
0,5679;1,0000;1
0,7221;0,5679;0
0,1472;0,7221;1
0,7915;0,1472;1
0,7311;0,7915;1
0,9447;0,7311;1
0,4111;0,9447;1
0,6356;0,4111;1
0,7180;0,6356;0
0,3393;0,7180;1
0,6576;0,3393;0
0,0958;0,6576;1
0,8478;0,0958;1
0,6167;0,8478;1
0,9242;0,6167;1
0,6810;0,9242;1
0,7186;0,6810;0
0,7099;0,7186;1
0,9504;0,7099;0
0,7700;0,9504;0
0,4183;0,7700;1
0,5826;0,4183;0
0,2805;0,5826;0
0,1441;0,2805;0
0,0480;0,1441;0
0,8130;0,0480;1
0,5395;0,8130;1
0,1874;0,5395;0
0,1936;0,1874;1
0,9243;0,1936;1
0,2956;0,9243;0
0,7361;0,2956;1
0,6842;0,7361;1
0,4733;0,6842;1
0,9529;0,4733;0
0,1414;0,9529;1
0,5764;0,1414;0
0,3838;0,5764;1
0,7357;0,3838;0
0,0967;0,7357;1
0,9526;0,0967;0
0,3865;0,9526;0
0,3112;0,3865;1
0,5823;0,3112;1
0,8333;0,5823;0
0,3967;0,8333;0
0,4402;0,3967;1
0,8327;0,4402;0
0,0517;0,8327;1
0,8233;0,0517;0
0,0980;0,8233;1
0,6725;0,0980;0
0,0502;0,6725;1
0,6703;0,0502;0
0,3197;0,6703;0
0,7603;0,3197;1
0,6986;0,7603;0
0,0541;0,6986;1
0,7273;0,0541;0
0,4980;0,7273;1
0,8376;0,4980;0
0,3166;0,8376;1
0,1914;0,3166;0
0,1239;0,1914;0
0,1330;0,1239;0
0,0000;0,1330;1
0,9559;0,0000;1
0,5257;0,9559;1
0,6046;0,5257;1
0,7044;0,6046;1
0,6785;0,7044;0
0,2864;0,6785;0
0,4080;0,2864;1
0,6105;0,4080;0
0,5203;0,6105;0
0,4711;0,5203;0
0,4446;0,4711;0
0,2906;0,4446;1
0,5234;0,2906;1
0,7368;0,5234;0
0,1631;0,7368;1
0,5706;0,1631;1
0,8421;0,5706;1
0,7585;0,8421;1
0,4317;0,7585;1
0,5567;0,4317;0
0,2245;0,5567;0
0,0957;0,2245;0
0,3631;0,0957;1
0,3855;0,3631;0
0,2308;0,3855;1
0,4252;0,2308;1
0,6827;0,4252;1
0,6970;0,6827;0
0,3687;0,6970;0
0,2032;0,3687;1
0,9205;0,2032;1
0,9589;0,9205;1
0,4668;0,9589;1
0,6519;0,4668;1
0,5315;0,6519;1
0,6023;0,5315;1
0,7943;0,6023;0
0,3924;0,7943;1
0,6625;0,3924;0
0,1419;0,6625;1
0,9058;0,1419;1
0,7330;0,9058;0
0,3985;0,7330;1
0,4212;0,3985;0
0,2801;0,4212;0
0,0530;0,2801;1
0,6038;0,0530;1
0,6164;0,6038;0
0,4795;0,6164;0
0,2180;0,4795;0
0,5882;0,2180;1
0,8531;0,5882;0
0,1934;0,8531;1
0,6025;0,1934;1
0,6494;0,6025;0
0,3337;0,6494;0
0,2564;0,3337;1
0,8210;0,2564;0
0,5843;0,8210;1
0,9410;0,5843;0
0,5768;0,9410;0
0,6367;0,5768;0
0,1664;0,6367;1
0,3242;0,1664;1
0,5388;0,3242;1
0,6908;0,5388;1
0,4595;0,6908;0
0,0819;0,4595;1
0,4639;0,0819;1
0,7602;0,4639;0
0,0388;0,7602;1
0,4691;0,0388;1
0,2976;0,4691;1
0,6254;0,2976;1
0,7373;0,6254;0
0,6740;0,7373;0
0,0559;0,6740;0
0,4376;0,0559;1
0,4965;0,4376;1
0,5731;0,4965;1
0,7316;0,5731;1
0,5670;0,7316;1
0,5800;0,5670;1
0,8311;0,5800;1
0,8947;0,8311;0
0,2215;0,8947;1
0,8815;0,2215;1
0,9997;0,8815;0
0,2329;0,9997;1
0,9505;0,2329;1
0,7796;0,9505;1
0,8472;0,7796;0
0,1542;0,8472;0
0,4761;0,1542;1
0,8050;0,4761;1
0,4664;0,8050;0
0,2009;0,4664;1
0,5965;0,2009;1
0,6010;0,5965;0
0,4277;0,6010;1
0,2831;0,4277;0
0,4408;0,2831;0
0,6081;0,4408;1
0,4803;0,6081;1
0,4209;0,4803;1
0,9082;0,4209;1
0,4253;0,9082;1
0,6741;0,4253;1
0,4934;0,6741;0
0,3930;0,4934;1
0,7735;0,3930;1
0,5537;0,7735;1
0,5649;0,5537;0
0,1350;0,5649;1
0,8029;0,1350;0
0,6055;0,8029;0
0,2773;0,6055;1
0,7604;0,2773;0
0,3975;0,7604;1
0,5896;0,3975;1
0,8771;0,5896;1
0,7544;0,8771;0
0,4118;0,7544;1
0,3684;0,4118;0
0,3937;0,3684;0
0,4572;0,3937;1
0,8102;0,4572;1
0,5082;0,8102;0
0,2903;0,5082;1
0,8829;0,2903;0
0,1332;0,8829;1
0,6416;0,1332;1
0,5266;0,6416;1
0,7868;0,5266;1
0,9374;0,7868;0
0,2385;0,9374;1
0,8279;0,2385;1
0,4531;0,8279;0
0,2329;0,4531;1
0,7564;0,2329;1
0,7087;0,7564;1
0,8056;0,7087;1
0,8633;0,8056;0
0,3553;0,8633;0
0,8159;0,3553;1
0,1708;0,8159;1
0,8035;0,1708;1
0,7478;0,8035;1
0,5060;0,7478;0
0,6051;0,5060;0
0,6235;0,6051;1
0,9634;0,6235;1
0,6699;0,9634;1
0,5220;0,6699;1
0,7624;0,5220;0
0,3213;0,7624;0
0,1955;0,3213;0
0,7643;0,1955;1
0,5238;0,7643;0
0,6406;0,5238;1
0,7528;0,6406;0
0,1782;0,7528;1
0,9358;0,1782;0
0,8136;0,9358;0
0,2814;0,8136;1
0,4212;0,2814;1
0,5909;0,4212;1
0,8675;0,5909;0
0,3443;0,8675;1
0,9358;0,3443;0
0,5771;0,9358;1
0,7082;0,5771;0
0,6044;0,7082;1
0,8007;0,6044;0
0,0547;0,8007;0
0,5070;0,0547;1
0,7753;0,5070;1
0,7313;0,7753;1
0,8333;0,7313;0
0,1096;0,8333;1
0,9153;0,1096;1
0,8929;0,9153;1
0,9646;0,8929;1
0,9789;0,9646;1
0,6826;0,9789;1
0,6253;0,6826;0
0,2784;0,6253;1
0,7519;0,2784;1
0,8671;0,7519;1
0,7444;0,8671;0
0,2618;0,7444;1
0,8344;0,2618;1
0,7894;0,8344;0
0,0000;0,7894;0
0,7390;0,0000;1
0,7039;0,7390;1
1,0000;0,7039;1
0,7417;1,0000;1
0,8503;0,7417;1
0,5597;0,8503;0
0,6680;0,5597;1
0,7487;0,6680;1
0,9389;0,7487;1
0,6950;0,9389;1
0,2660;0,6950;0
0,6552;0,2660;0
0,6037;0,6552;1
0,6003;0,6037;1
0,8730;0,6003;1
0,5757;0,8730;1
0,8262;0,5757;1
0,5831;0,8262;1
0,6517;0,5831;1
0,8249;0,6517;0
0,5497;0,8249;1
0,7170;0,5497;0
0,6663;0,7170;0
0,0682;0,6663;1
0,8571;0,0682;0
0,3481;0,8571;1
0,7928;0,3481;1
0,7881;0,7928;1
0,8649;0,7881;1
0,7183;0,8649;1
0,5813;0,7183;0
0,0719;0,5813;0
0,2981;0,0719;0
0,0047;0,2981;1
0,8892;0,0047;0
0,4161;0,8892;1
0,9093;0,4161;0
0,1835;0,9093;1
0,3535;0,1835;0
0,0601;0,3535;0
0,6391;0,0601;1
0,5721;0,6391;1
0,6740;0,5721;1
0,2449;0,6740;1
0,5602;0,2449;0
0,3377;0,5602;1
0,6581;0,3377;1
0,3762;0,6581;1
0,7095;0,3762;1
0,9972;0,7095;0
0,4042;0,9972;0
0,5195;0,4042;1
1,0000;0,5195;0
0,7216;1,0000;0
0,3604;0,7216;1
0,9316;0,3604;0
0,3071;0,9316;1
0,6867;0,3071;0
0,3417;0,6867;0
0,3510;0,3417;0
0,4622;0,3510;0
0,1359;0,4622;1
0,8158;0,1359;1
0,8563;0,8158;1
0,6464;0,8563;1
0,6089;0,6464;1
0,9004;0,6089;1
0,5573;0,9004;0
0,5999;0,5573;1
0,9146;0,5999;1
0,8988;0,9146;1
0,8074;0,8988;1
0,4413;0,8074;1
0,9847;0,4413;0
0,1350;0,9847;1
0,7159;0,1350;0
0,4872;0,7159;1
0,9055;0,4872;1
0,4492;0,9055;1
1,0000;0,4492;0
0,0069;1,0000;1
0,4221;0,0069;1
0,7554;0,4221;1
0,6236;0,7554;1
0,9537;0,6236;1
0,5936;0,9537;1
0,7577;0,5936;1
0,4134;0,7577;0
0,2255;0,4134;1
0,9274;0,2255;1
0,3747;0,9274;0
0,1603;0,3747;1
0,7827;0,1603;1
0,6780;0,7827;1
0,9234;0,6780;1
0,7923;0,9234;1
0,9827;0,7923;1
0,2874;0,9827;1
0,5336;0,2874;1
0,8362;0,5336;1
0,8883;0,8362;0
0,2950;0,8883;0
0,4130;0,2950;0
0,3951;0,4130;1
0,3866;0,3951;1
0,9602;0,3866;0
0,4639;0,9602;1
0,7635;0,4639;1
0,7271;0,7635;1
0,8383;0,7271;1
0,8321;0,8383;0
0,5697;0,8321;1
0,9786;0,5697;1
0,7861;0,9786;0
0,0182;0,7861;1
0,7004;0,0182;1
0,6486;0,7004;1
0,4578;0,6486;1
0,7016;0,4578;0
0,2704;0,7016;1
0,4952;0,2704;0
0,1600;0,4952;0
0,5389;0,1600;1
0,8030;0,5389;1
0,8231;0,8030;0
0,0116;0,8231;1
0,8765;0,0116;1
0,9448;0,8765;0
0,2895;0,9448;1
0,6507;0,2895;1
0,6558;0,6507;0
0,3181;0,6558;0
0,1475;0,3181;0
0,2378;0,1475;1
0,9150;0,2378;1
0,9508;0,9150;0
0,6131;0,9508;0
0,2188;0,6131;0
0,0000;0,2188;1
0,7913;0,0000;1
0,6971;0,7913;1
0,3260;0,6971;1
0,8296;0,3260;0
0,7139;0,8296;0
0,2586;0,7139;1
0,9204;0,2586;0
0,0256;0,9204;0
0,1551;0,0256;0
0,5598;0,1551;1
0,8222;0,5598;0
0,2279;0,8222;0
0,0154;0,2279;1
0,9549;0,0154;1
0,8417;0,9549;0
0,2007;0,8417;1
1,0000;0,2007;0
0,0738;1,0000;0
0,5745;0,0738;0
0,1040;0,5745;1
0,4821;0,1040;1
0,8885;0,4821;1
0,7080;0,8885;1
1,0000;0,7080;0
0,3837;1,0000;0
0,1769;0,3837;1
0,8250;0,1769;1
0,6413;0,8250;1
0,6577;0,6413;1
0,7431;0,6577;0
0,6196;0,7431;1
0,8103;0,6196;1
0,9793;0,8103;1
0,8037;0,9793;0
0,4424;0,8037;1
0,9548;0,4424;0
0,4969;0,9548;0
0,0251;0,4969;0
0,2819;0,0251;1
0,8741;0,2819;1
0,4485;0,8741;1
0,8938;0,4485;1
0,4938;0,8938;0
0,8917;0,4938;1
0,8186;0,8917;0
0,5550;0,8186;1
0,8656;0,5550;1
0,7710;0,8656;0
0,3671;0,7710;1
0,9340;0,3671;1
0,6689;0,9340;1
0,4655;0,6689;0
0,1615;0,4655;0
0,3461;0,1615;0
0,3242;0,3461;0
0,3550;0,3242;0
0,1949;0,3550;1
0,9332;0,1949;1
0,7949;0,9332;0
0,1830;0,7949;1
0,5946;0,1830;0
0,1962;0,5946;0
0,3976;0,1962;1
0,8735;0,3976;0
0,4698;0,8735;1
0,8877;0,4698;1
0,2918;0,8877;1
0,7635;0,2918;1
0,5610;0,7635;0
0,3171;0,5610;0
0,1631;0,3171;1
0,9776;0,1631;0
0,3776;0,9776;1
0,9077;0,3776;1
0,7273;0,9077;0
0,7298;0,7273;1
0,8608;0,7298;1
0,5890;0,8608;1
0,7295;0,5890;0
0,2080;0,7295;0
0,8218;0,2080;1
0,8489;0,8218;1
0,7687;0,8489;1
0,6819;0,7687;0
0,1507;0,6819;1
0,9332;0,1507;1
0,6010;0,9332;0
0,2071;0,6010;0
0,3553;0,2071;1
0,8457;0,3553;1
0,7935;0,8457;1
0,6080;0,7935;1
0,5444;0,6080;0
0,4029;0,5444;0
0,4495;0,4029;1
0,2575;0,4495;0
0,1465;0,2575;0
0,1878;0,1465;1
0,7365;0,1878;1
0,5504;0,7365;1
0,9382;0,5504;1
0,9890;0,9382;0
0,3951;0,9890;1
0,9458;0,3951;0
0,6158;0,9458;1
0,7333;0,6158;0
0,4248;0,7333;1
0,7833;0,4248;1
0,8328;0,7833;1
0,9322;0,8328;1
0,4421;0,9322;0
0,4169;0,4421;1
0,9701;0,4169;1
0,8783;0,9701;1
0,8088;0,8783;1
1,0000;0,8088;1
0,8864;1,0000;0
0,6375;0,8864;1
0,9022;0,6375;1
0,7273;0,9022;0
0,5770;0,7273;0
0,4674;0,5770;1
0,6855;0,4674;0
0,5835;0,6855;0
0,1070;0,5835;0
0,2065;0,1070;0
0,3121;0,2065;0
0,6450;0,3121;1
0,8882;0,6450;0
0,3091;0,8882;0
0,2067;0,3091;1
0,3324;0,2067;0
0,3557;0,3324;1
0,8820;0,3557;1
0,7928;0,8820;1
0,5664;0,7928;0
0,5673;0,5664;1
0,9018;0,5673;1
0,7161;0,9018;0
0,0096;0,7161;0
0,3982;0,0096;0
0,3060;0,3982;1
0,8533;0,3060;0
0,2931;0,8533;1
0,7118;0,2931;1
0,6015;0,7118;0
0,0000;0,6015;1
0,5540;0,0000;0
0,0957;0,5540;1
0,8294;0,0957;1
0,6316;0,8294;0
0,3170;0,6316;1
0,9199;0,3170;0
0,0882;0,9199;0
0,1717;0,0882;1
0,7151;0,1717;1
0,7370;0,7151;1
0,4343;0,7370;0
0,4791;0,4343;1
0,9105;0,4791;1
0,6992;0,9105;0
0,2172;0,6992;0
0,2280;0,2172;0
0,5546;0,2280;0
0,3661;0,5546;0
0,6268;0,3661;1
0,7429;0,6268;0
0,1611;0,7429;0
0,2733;0,1611;1
0,8414;0,2733;1
0,6030;0,8414;1
0,5655;0,6030;1
0,7817;0,5655;0
0,1120;0,7817;1
0,6161;0,1120;1
0,8969;0,6161;0
0,2881;0,8969;1
0,9022;0,2881;1
0,6387;0,9022;1
0,6347;0,6387;1
0,9885;0,6347;0
0,5598;0,9885;1
0,7905;0,5598;1
0,9390;0,7905;0
0,0300;0,9390;0
0,1684;0,0300;0
0,4001;0,1684;0
0,1181;0,4001;1
0,5338;0,1181;1
0,9248;0,5338;1
0,8494;0,9248;0
0,2418;0,8494;1
0,8219;0,2418;1
0,6307;0,8219;1
0,6144;0,6307;1
0,8236;0,6144;1
0,6917;0,8236;0
0,2145;0,6917;0
0,3344;0,2145;0
0,2279;0,3344;0
0,5908;0,2279;0
0,0263;0,5908;1
0,8283;0,0263;0
0,2326;0,8283;1
0,3482;0,2326;0
0,0857;0,3482;0
0,7658;0,0857;1
0,8744;0,7658;0
0,1488;0,8744;0
0,4386;0,1488;1
0,7319;0,4386;1
0,8146;0,7319;0
0,3210;0,8146;0
0,1611;0,3210;1
0,6803;0,1611;1
0,7519;0,6803;0
0,3991;0,7519;0
0,0465;0,3991;1
0,4784;0,0465;0
0,4333;0,4784;0
0,0056;0,4333;0
0,3879;0,0056;1
0,2504;0,3879;0
0,7474;0,2504;1
0,5036;0,7474;1
0,8184;0,5036;0
0,1403;0,8184;0
0,5242;0,1403;0
0,2441;0,5242;1
0,8680;0,2441;0
0,3837;0,8680;0
0,0955;0,3837;1
0,8702;0,0955;1
0,6072;0,8702;1
0,7356;0,6072;1
0,3862;0,7356;0
0,1721;0,3862;0
0,2810;0,1721;1
0,8934;0,2810;1
0,6854;0,8934;1
0,9015;0,6854;1
0,7017;0,9015;1
0,9774;0,7017;0
0,3027;0,9774;0
0,8805;0,3027;0
0,0438;0,8805;0
0,4970;0,0438;0
0,4183;0,4970;1
0,9196;0,4183;1
0,8546;0,9196;1
0,5905;0,8546;0
0,5525;0,5905;0
0,2813;0,5525;1
0,7290;0,2813;0
0,1541;0,7290;0
0,0828;0,1541;1
0,9296;0,0828;0
0,2497;0,9296;0
0,4157;0,2497;0
0,2532;0,4157;1
0,8626;0,2532;0
0,3772;0,8626;0
0,0978;0,3772;0
0,2295;0,0978;0
0,6263;0,2295;0
0,3589;0,6263;0
0,2015;0,3589;1
0,9500;0,2015;0
0,2470;0,9500;1
0,7966;0,2470;0
0,3619;0,7966;0
0,2560;0,3619;1
0,8825;0,2560;0
0,7104;0,8825;1
0,2984;0,7104;0
0,6774;0,2984;1
0,6071;0,6774;0
0,1958;0,6071;0
0,2878;0,1958;1
0,8816;0,2878;0
0,2601;0,8816;1
0,8475;0,2601;0
0,1380;0,8475;1
0,7640;0,1380;0
0,3200;0,7640;0
0,0904;0,3200;1
0,6508;0,0904;0
0,3605;0,6508;0
0,5093;0,3605;0
0,1197;0,5093;0
0,4805;0,1197;1
0,8723;0,4805;0
0,5880;0,8723;1
0,7000;0,5880;0
0,2395;0,7000;1
0,5952;0,2395;0
0,3508;0,5952;0
0,1367;0,3508;0
0,6377;0,1367;0
0,1606;0,6377;1
0,4395;0,1606;1
0,8463;0,4395;1
0,8123;0,8463;1
0,2882;0,8123;1
0,5438;0,2882;0
0,1857;0,5438;1
0,7877;0,1857;1
0,8305;0,7877;0
0,3119;0,8305;0
0,1459;0,3119;1
0,8921;0,1459;0
0,6857;0,8921;0
0,0665;0,6857;0
0,0721;0,0665;1
0,4370;0,0721;0
0,3638;0,4370;0
0,1479;0,3638;0
0,1222;0,1479;0
0,2928;0,1222;1
0,8800;0,2928;0
0,1298;0,8800;0
0,3252;0,1298;0
0,5105;0,3252;1
0,5403;0,5105;0
0,1490;0,5403;1
0,7519;0,1490;0
0,4183;0,7519;1
0,8798;0,4183;0
0,0800;0,8798;1
0,7162;0,0800;1
0,8346;0,7162;1
0,6030;0,8346;1
0,8940;0,6030;0
0,6269;0,8940;0
0,4337;0,6269;1
0,7819;0,4337;1
0,7739;0,7819;1
0,7467;0,7739;0
0,1815;0,7467;0
0,2881;0,1815;1
0,5945;0,2881;0
0,5505;0,5945;0
0,3439;0,5505;1
0,6950;0,3439;1
0,7264;0,6950;1
0,7536;0,7264;0
0,0315;0,7536;1
0,5972;0,0315;1
0,7512;0,5972;0
0,3254;0,7512;1
0,5894;0,3254;0
0,3700;0,5894;0
0,2141;0,3700;1
0,7725;0,2141;1
0,8600;0,7725;0
0,4559;0,8600;0
0,4391;0,4559;0
0,4880;0,4391;0
0,2610;0,4880;1
0,7074;0,2610;0
0,2601;0,7074;1
0,6706;0,2601;0
0,3505;0,6706;0
0,5846;0,3505;0
0,3101;0,5846;1
0,8043;0,3101;1
0,3940;0,8043;1
0,6820;0,3940;0
0,3775;0,6820;0
0,2560;0,3775;1
0,5653;0,2560;0
0,6970;0,5653;0
0,4978;0,6970;1
0,3900;0,4978;0
0,1274;0,3900;1
0,2805;0,1274;0
0,1678;0,2805;1
0,5622;0,1678;1
0,7023;0,5622;1
0,8784;0,7023;1
0,4815;0,8784;0
0,4077;0,4815;1
0,5173;0,4077;1
0,6654;0,5173;0
0,2595;0,6654;0
0,1533;0,2595;1
0,1010;0,1533;0
0,3624;0,1010;0
0,2565;0,3624;0
0,6407;0,2565;0
0,0840;0,6407;0
0,1423;0,0840;0
0,3419;0,1423;1
0,5990;0,3419;0
0,2837;0,5990;0
0,4789;0,2837;0
0,2201;0,4789;1
0,8507;0,2201;1
0,7998;0,8507;0
0,3242;0,7998;0
0,1400;0,3242;0
0,3142;0,1400;1
0,5640;0,3142;0
0,2439;0,5640;0
0,2062;0,2439;0
0,3784;0,2062;0
0,2054;0,3784;1
0,5939;0,2054;1
0,6974;0,5939;0
0,1574;0,6974;0
0,1293;0,1574;1
0,7701;0,1293;1
0,7381;0,7701;1
0,3471;0,7381;1
0,6605;0,3471;0
0,1719;0,6605;1
0,4597;0,1719;0
0,4697;0,4597;0
0,0813;0,4697;1
0,8016;0,0813;0
0,3571;0,8016;1
0,8962;0,3571;0
0,2497;0,8962;1
0,8574;0,2497;0
0,3580;0,8574;0
0,3120;0,3580;1
0,5153;0,3120;0
0,1725;0,5153;1
0,5451;0,1725;1
0,7807;0,5451;0
0,1750;0,7807;1
0,3243;0,1750;1
0,7176;0,3243;0
0,4909;0,7176;0
0,2212;0,4909;1
0,8042;0,2212;0
0,2668;0,8042;1
0,6045;0,2668;0
0,7042;0,6045;0
0,2671;0,7042;0
0,6417;0,2671;1
0,6873;0,6417;0
0,2710;0,6873;1
0,9071;0,2710;1
0,5553;0,9071;1
0,7036;0,5553;0
0,3099;0,7036;0
0,1836;0,3099;1
0,6946;0,1836;0
0,1948;0,6946;0
0,4551;0,1948;0
0,1269;0,4551;0
0,6408;0,1269;0
0,2819;0,6408;1
0,8019;0,2819;1
0,3823;0,8019;1
0,4937;0,3823;0
0,2689;0,4937;1
0,7911;0,2689;1
0,5910;0,7911;0
0,4219;0,5910;0
0,5646;0,4219;1
0,4206;0,5646;1
0,7595;0,4206;0
0,2432;0,7595;1
0,7976;0,2432;1
0,3942;0,7976;1
0,6654;0,3942;1
0,4192;0,6654;0
0,3475;0,4192;1
0,8733;0,3475;0
0,5794;0,8733;1
0,5779;0,5794;1
0,8306;0,5779;0
0,4425;0,8306;1
0,6701;0,4425;1
0,8565;0,6701;0
0,4358;0,8565;1
0,3780;0,4358;0
0,3008;0,3780;1
0,8562;0,3008;1
0,8016;0,8562;1
0,4039;0,8016;1
0,7284;0,4039;1
0,8000;0,7284;1
0,7029;0,8000;1
0,9514;0,7029;0
0,1851;0,9514;1
0,7071;0,1851;1
0,5753;0,7071;0
0,4486;0,5753;1
0,4902;0,4486;0
0,2436;0,4902;1
0,6454;0,2436;0
0,3488;0,6454;1
0,7879;0,3488;1
0,4659;0,7879;1
0,9109;0,4659;0
0,4552;0,9109;1
0,6218;0,4552;1
0,8048;0,6218;0
0,2595;0,8048;1
0,8890;0,2595;0
0,2629;0,8890;1
0,5445;0,2629;1
0,7421;0,5445;1
0,6448;0,7421;1
0,8825;0,6448;1
0,7533;0,8825;0
0,6033;0,7533;1
0,6084;0,6033;1
0,9486;0,6084;1
0,9618;0,9486;1
0,6405;0,9618;1
0,8872;0,6405;0
0,1842;0,8872;1
0,8435;0,1842;0
0,0807;0,8435;0
0,4128;0,0807;0
0,6037;0,4128;1
0,7999;0,6037;0
0,3713;0,7999;1
0,9655;0,3713;1
0,8146;0,9655;1
0,5212;0,8146;0
0,5112;0,5212;0
0,6768;0,5112;0
0,1393;0,6768;1
0,9824;0,1393;0
0,5537;0,9824;0
0,1552;0,5537;1
0,6509;0,1552;0
0,5947;0,6509;1
0,5099;0,5947;1
0,7629;0,5099;1
0,6469;0,7629;1
0,6495;0,6469;1
0,8720;0,6495;1
0,9273;0,8720;1
0,7421;0,9273;0
0,3612;0,7421;1
0,8276;0,3612;1
0,9096;0,8276;1
0,9493;0,9096;0
0,4755;0,9493;1
0,8330;0,4755;1
0,4064;0,8330;0
0,1319;0,4064;1
0,9088;0,1319;0
0,3622;0,9088;1
0,8643;0,3622;1
0,8053;0,8643;1
0,5579;0,8053;0
0,2811;0,5579;1
0,9160;0,2811;1
0,4411;0,9160;0
0,1299;0,4411;0
0,1795;0,1299;1
0,9468;0,1795;1
0,8714;0,9468;0
0,1257;0,8714;1
0,6904;0,1257;1
0,9191;0,6904;0
0,6077;0,9191;0
0,4294;0,6077;0
0,5770;0,4294;0
0,3045;0,5770;1
0,4025;0,3045;1
0,6266;0,4025;1
0,6764;0,6266;1
0,4135;0,6764;1
0,8478;0,4135;1
0,8740;0,8478;0
0,2455;0,8740;1
0,8055;0,2455;1
0,1449;0,8055;1
0,6882;0,1449;0
0,2335;0,6882;1
0,6216;0,2335;1
0,5595;0,6216;0
0,2137;0,5595;0
0,1726;0,2137;1
0,9639;0,1726;1
0,8364;0,9639;1
0,7196;0,8364;1
0,3776;0,7196;0
0,3168;0,3776;1
0,8871;0,3168;1
0,7437;0,8871;1
0,4946;0,7437;0
0,3072;0,4946;0
0,2442;0,3072;0
0,5139;0,2442;1
0,8032;0,5139;1
0,9114;0,8032;1
0,8530;0,9114;0
0,5705;0,8530;0
0,2275;0,5705;0
0,2278;0,2275;0
0,3791;0,2278;0
0,3166;0,3791;1
0,6005;0,3166;1
0,8497;0,6005;0
0,3742;0,8497;0
0,4381;0,3742;1
0,6167;0,4381;1
0,6437;0,6167;1
0,8613;0,6437;0
0,3343;0,8613;0
0,3343;0,3343;0
0,3680;0,3343;1
0,5112;0,3680;0
0,4076;0,5112;1
0,7385;0,4076;1
0,8157;0,7385;1
0,6001;0,8157;0
0,2521;0,6001;0
0,2655;0,2521;1
0,5794;0,2655;1
0,8216;0,5794;0
0,1259;0,8216;1
0,8173;0,1259;1
0,5908;0,8173;0
0,1271;0,5908;1
0,7844;0,1271;0
0,2455;0,7844;0
0,2965;0,2455;1
0,6368;0,2965;0
0,4729;0,6368;1
0,2984;0,4729;0
0,3491;0,2984;0
0,2772;0,3491;1
0,6464;0,2772;1
0,8679;0,6464;0
0,2909;0,8679;0
0,7706;0,2909;0
0,4323;0,7706;1
0,4653;0,4323;1
0,7143;0,4653;1
0,7526;0,7143;0
0,6459;0,7526;1
0,3524;0,6459;0
0,4574;0,3524;0
0,3658;0,4574;0
0,3293;0,3658;1
0,6917;0,3293;0
0,3956;0,6917;0
0,4242;0,3956;0
0,2921;0,4242;0
0,3847;0,2921;0
0,5625;0,3847;0
0,3102;0,5625;0
0,3399;0,3102;0
0,6107;0,3399;1
0,8227;0,6107;0
0,3112;0,8227;1
0,8474;0,3112;1
0,6255;0,8474;1
0,6860;0,6255;0
0,5425;0,6860;1
0,5853;0,5425;0
0,1568;0,5853;1
0,6783;0,1568;1
0,5506;0,6783;0
0,2610;0,5506;0
0,2756;0,2610;0
0,4318;0,2756;1
0,6027;0,4318;1
0,5244;0,6027;0
0,2269;0,5244;0
0,1232;0,2269;1
0,8933;0,1232;1
0,3187;0,8933;1
0,8511;0,3187;0
0,1171;0,8511;0
0,1591;0,1171;1
0,1009;0,1591;1
0,8426;0,1009;0
0,2172;0,8426;0
0,1671;0,2172;0
0,2576;0,1671;1
0,7519;0,2576;1
0,8818;0,7519;1
0,7590;0,8818;0
0,2358;0,7590;0
0,1485;0,2358;1
0,8395;0,1485;1
0,5788;0,8395;1
0,8378;0,5788;1
0,7747;0,8378;0
0,3437;0,7747;1
0,7272;0,3437;0
0,7624;0,7272;1
0,8488;0,7624;0
0,3412;0,8488;0
0,2617;0,3412;1
0,9485;0,2617;1
0,9133;0,9485;1
0,5757;0,9133;1
0,8464;0,5757;1
0,9731;0,8464;0
0,4228;0,9731;0
0,1601;0,4228;0
0,2527;0,1601;1
0,8824;0,2527;1
0,6384;0,8824;0
0,4468;0,6384;0
0,3618;0,4468;1
0,7812;0,3618;1
0,7390;0,7812;0
0,2542;0,7390;1
0,8613;0,2542;0
0,3306;0,8613;1
0,8247;0,3306;0
0,3050;0,8247;1
0,6943;0,3050;1
0,6252;0,6943;0
0,2355;0,6252;0
0,3152;0,2355;0
0,2165;0,3152;0
0,5055;0,2165;0
0,5137;0,5055;1
0,9841;0,5137;0
0,2924;0,9841;1
0,4016;0,2924;1
0,8799;0,4016;1
0,7330;0,8799;0
0,3278;0,7330;1
0,6046;0,3278;0
0,6088;0,6046;0
0,1419;0,6088;0
0,7502;0,1419;0
0,3127;0,7502;1
0,9548;0,3127;0
0,5919;0,9548;1
0,8684;0,5919;0
0,2792;0,8684;1
0,7691;0,2792;1
0,8017;0,7691;0
0,2838;0,8017;1
0,8083;0,2838;0
0,3518;0,8083;1
0,9317;0,3518;1
0,5179;0,9317;0
0,5926;0,5179;1
0,4680;0,5926;1
0,2183;0,4680;1
0,8493;0,2183;0
0,1300;0,8493;1
0,6810;0,1300;0
0,6634;0,6810;0
0,2985;0,6634;0
0,4503;0,2985;1
0,4624;0,4503;0
0,2623;0,4624;1
0,8346;0,2623;1
0,2866;0,8346;0
0,2372;0,2866;1
0,6283;0,2372;1
0,8635;0,6283;1
0,6996;0,8635;1
0,6316;0,6996;1
0,5253;0,6316;1
0,5687;0,5253;1
0,9618;0,5687;1
0,3903;0,9618;0
0,3312;0,3903;1
0,9258;0,3312;1
0,5849;0,9258;1
0,6964;0,5849;1
0,8040;0,6964;1
0,7865;0,8040;0
0,4765;0,7865;1
0,7117;0,4765;1
0,9343;0,7117;1
0,5935;0,9343;0
0,2055;0,5935;0
0,4918;0,2055;1
0,5303;0,4918;0
0,5609;0,5303;0
0,3487;0,5609;1
0,7837;0,3487;0
0,6365;0,7837;0
0,5327;0,6365;1
0,8524;0,5327;1
0,8242;0,8524;0
0,3257;0,8242;1
0,9513;0,3257;0
0,2563;0,9513;1
0,7664;0,2563;1
0,7568;0,7664;0
0,5170;0,7568;1
0,3570;0,5170;1
0,6342;0,3570;1
0,6436;0,6342;0
0,3392;0,6436;1
0,7178;0,3392;1
0,9825;0,7178;0
0,5372;0,9825;0
0,4504;0,5372;0
0,2902;0,4504;1
0,4419;0,2902;1
0,9231;0,4419;0
0,2866;0,9231;0
0,2094;0,2866;0
0,8586;0,2094;0
0,5344;0,8586;1
0,9048;0,5344;0
0,5309;0,9048;1
0,7235;0,5309;0
0,4522;0,7235;1
0,5125;0,4522;1
0,8301;0,5125;0
0,3146;0,8301;1
0,8149;0,3146;0
0,2536;0,8149;0
0,7898;0,2536;1
0,3548;0,7898;1
0,9760;0,3548;0
0,4870;0,9760;0
0,3796;0,4870;1
0,7483;0,3796;0
0,4344;0,7483;1
0,7829;0,4344;0
0,7847;0,7829;1
0,7416;0,7847;1
0,9569;0,7416;1
0,9440;0,9569;1
0,4868;0,9440;1
0,8046;0,4868;0
0,6422;0,8046;1
0,7827;0,6422;1
0,8356;0,7827;0
0,5352;0,8356;1
0,9450;0,5352;1
0,8656;0,9450;0
0,4217;0,8656;1
0,6683;0,4217;0
0,1299;0,6683;1
0,8785;0,1299;1
0,9409;0,8785;1
0,6741;0,9409;1
0,7910;0,6741;0
0,3482;0,7910;0
0,2939;0,3482;1
0,8482;0,2939;0
0,1048;0,8482;1
0,6048;0,1048;0
0,2237;0,6048;1
0,8562;0,2237;0
0,3012;0,8562;1
0,8457;0,3012;1
0,5028;0,8457;1
0,9290;0,5028;0
0,2609;0,9290;0
0,3183;0,2609;0
0,7792;0,3183;0
0,5385;0,7792;0
0,1898;0,5385;1
0,8228;0,1898;1
0,3870;0,8228;1
0,7032;0,3870;1
0,8685;0,7032;1
0,7787;0,8685;1
0,7504;0,7787;0
0,6372;0,7504;0
0,3294;0,6372;0
0,2834;0,3294;1
0,8920;0,2834;0
0,1913;0,8920;1
0,8551;0,1913;1
0,6829;0,8551;1
0,6831;0,6829;0
0,5142;0,6831;0
0,2254;0,5142;0
0,3525;0,2254;0
0,5941;0,3525;1
0,8205;0,5941;0
0,0826;0,8205;1
0,9116;0,0826;1
0,8466;0,9116;1
0,7907;0,8466;1
0,9432;0,7907;0
0,3066;0,9432;0
0,3645;0,3066;1
0,8277;0,3645;0
0,3441;0,8277;1
0,7625;0,3441;1
0,5857;0,7625;1
0,9268;0,5857;1
0,7850;0,9268;0
0,4550;0,7850;0
0,5142;0,4550;1
0,8304;0,5142;0
0,3297;0,8304;1
0,7519;0,3297;1
0,9355;0,7519;0
0,6461;0,9355;1
0,8731;0,6461;1
0,6320;0,8731;1
0,9545;0,6320;1
0,4831;0,9545;1
0,5646;0,4831;1
0,7684;0,5646;1
0,7423;0,7684;1
0,9270;0,7423;1
0,6212;0,9270;1
0,8571;0,6212;1
0,8135;0,8571;1
0,4573;0,8135;1
0,7034;0,4573;1
0,7913;0,7034;0
0,5639;0,7913;1
0,6625;0,5639;0
0,3132;0,6625;0
0,3381;0,3132;0
0,5677;0,3381;1
0,7355;0,5677;0
0,5442;0,7355;1
0,8170;0,5442;1
0,7875;0,8170;0
0,1639;0,7875;0
0,3372;0,1639;0
0,2361;0,3372;0
0,7352;0,2361;0
0,5998;0,7352;0
0,6608;0,5998;1
0,6003;0,6608;1
0,7462;0,6003;1
0,9652;0,7462;1
0,6163;0,9652;1
0,6106;0,6163;0
0,5629;0,6106;1
0,8474;0,5629;0
0,4156;0,8474;1
0,8245;0,4156;1
0,3990;0,8245;1
0,7690;0,3990;1
0,9456;0,7690;1
0,7154;0,9456;0
0,6056;0,7154;1
0,8932;0,6056;1
0,7899;0,8932;1
0,8109;0,7899;1
0,6261;0,8109;0
0,4295;0,6261;1
0,5379;0,4295;1
0,9607;0,5379;1
0,6254;0,9607;0
0,3475;0,6254;1
0,7036;0,3475;1
0,8935;0,7036;0
0,5338;0,8935;1
0,1929;0,5338;0
0,4405;0,1929;0
0,0406;0,4405;1
0,8859;0,0406;0
0,1538;0,8859;0
0,4361;0,1538;1
0,3099;0,4361;0
0,5760;0,3099;0
0,4799;0,5760;1
0,9589;0,4799;1
0,3903;0,9589;1
0,6837;0,3903;0
0,1605;0,6837;1
0,5627;0,1605;1
0,8668;0,5627;1
0,9140;0,8668;1
0,5764;0,9140;1
0,7166;0,5764;1
0,8961;0,7166;0
0,3890;0,8961;1
0,9747;0,3890;1
0,7710;0,9747;0
0,3529;0,7710;1
0,6217;0,3529;1
0,6259;0,6217;0
0,2654;0,6259;1
0,7006;0,2654;0
0,6779;0,7006;1
0,4356;0,6779;1
0,9410;0,4356;0
0,6916;0,9410;1
0,8495;0,6916;1
0,5191;0,8495;1
0,7714;0,5191;0
0,7434;0,7714;0
0,3041;0,7434;1
0,3909;0,3041;0
0,0000;0,3909;0
0,3920;0,0000;1
0,5619;0,3920;0
0,5871;0,5619;1
0,8526;0,5871;0
0,1306;0,8526;1
0,6705;0,1306;0
0,1110;0,6705;1
0,8925;0,1110;0
0,2580;0,8925;1
0,5241;0,2580;1
0,9538;0,5241;1
0,8546;0,9538;1
0,8924;0,8546;1
0,9321;0,8924;0
0,5801;0,9321;1
0,8468;0,5801;0
0,4611;0,8468;0
0,2985;0,4611;0
0,8362;0,2985;1
0,8877;0,8362;0
0,1860;0,8877;1
0,6228;0,1860;1
0,5885;0,6228;0
0,7011;0,5885;0
0,1058;0,7011;0
0,4774;0,1058;0
0,2447;0,4774;0
0,4180;0,2447;1
0,9376;0,4180;1
0,4851;0,9376;0
0,0906;0,4851;1
0,6618;0,0906;1
0,6758;0,6618;1
0,7026;0,6758;0
0,5871;0,7026;0
0,1603;0,5871;1
0,6784;0,1603;0
0,7734;0,6784;1
0,8107;0,7734;0
0,4312;0,8107;0
0,2255;0,4312;1
0,8000;0,2255;1
0,5881;0,8000;1
0,8046;0,5881;1
0,4794;0,8046;1
0,3293;0,4794;1
0,8670;0,3293;0
0,2954;0,8670;1
0,8258;0,2954;0
0,5035;0,8258;0
0,3505;0,5035;0
0,6660;0,3505;0
0,5688;0,6660;1
0,9229;0,5688;0
0,2657;0,9229;0
0,1039;0,2657;0
0,6692;0,1039;0
0,3432;0,6692;0
0,0309;0,3432;1
0,8485;0,0309;1
0,9013;0,8485;0
0,2075;0,9013;0
0,2199;0,2075;1
0,8627;0,2199;1
0,4809;0,8627;0
0,5154;0,4809;0
0,2215;0,5154;0
0,3693;0,2215;1
0,7774;0,3693;0
0,2377;0,7774;1
0,6533;0,2377;1
0,7905;0,6533;0
0,5568;0,7905;0
0,2961;0,5568;1
0,9735;0,2961;0
0,2158;0,9735;0
0,4299;0,2158;1
0,2658;0,4299;0
0,4223;0,2658;0
0,0251;0,4223;1
0,6147;0,0251;0
0,2615;0,6147;0
0,6594;0,2615;1
0,6736;0,6594;0
0,0112;0,6736;1
0,8623;0,0112;0
0,3513;0,8623;1
0,8520;0,3513;0
0,3495;0,8520;1
0,3712;0,3495;0
0,3948;0,3712;0
0,0422;0,3948;0
0,2433;0,0422;1
0,8721;0,2433;1
0,7542;0,8721;0
0,3034;0,7542;1
0,7952;0,3034;1
0,6460;0,7952;0
0,3866;0,6460;0
0,1897;0,3866;1
0,6859;0,1897;0
0,1665;0,6859;0
0,7362;0,1665;1
0,8746;0,7362;1
0,2350;0,8746;1
0,7462;0,2350;0
0,4854;0,7462;1
1,0000;0,4854;1
0,4806;1,0000;0
0,2524;0,4806;0
0,1228;0,2524;0
0,1816;0,1228;0
0,0961;0,1816;1
0,5850;0,0961;0
0,8833;0,5850;0
0,2215;0,8833;1
0,8991;0,2215;1
0,4285;0,8991;1
0,8682;0,4285;0
0,1768;0,8682;0
0,2560;0,1768;1
0,6441;0,2560;1
0,7961;0,6441;1
0,8084;0,7961;0
0,2345;0,8084;0
0,2800;0,2345;0
0,3143;0,2800;1
0,9341;0,3143;1
0,8933;0,9341;0
0,2697;0,8933;1
0,2661;0,2697;1
0,6401;0,2661;0
0,2938;0,6401;1
0,8783;0,2938;0
0,3037;0,8783;1
0,6931;0,3037;0
0,0926;0,6931;0
0,2854;0,0926;1
0,8042;0,2854;0
0,2943;0,8042;1
0,6770;0,2943;0
0,5814;0,6770;0
0,4186;0,5814;0
0,2388;0,4186;0
0,3275;0,2388;1
0,7084;0,3275;1
0,6347;0,7084;1
0,5425;0,6347;1
0,8334;0,5425;1
0,6753;0,8334;1
0,5122;0,6753;1
0,6684;0,5122;1
0,7133;0,6684;0
0,3367;0,7133;1
0,8081;0,3367;1
0,3032;0,8081;0
0,3651;0,3032;0
0,0649;0,3651;0
0,2407;0,0649;1
0,9313;0,2407;1
0,8848;0,9313;1
0,8043;0,8848;1
0,3409;0,8043;0
0,2945;0,3409;1
0,7232;0,2945;1
0,4713;0,7232;1
0,7075;0,4713;0
0,2502;0,7075;1
0,9196;0,2502;0
0,2432;0,9196;1
0,6537;0,2432;0
0,1555;0,6537;0
0,1839;0,1555;0
0,2064;0,1839;1
0,8965;0,2064;1
0,8487;0,8965;1
0,7704;0,8487;0
0,2706;0,7704;1
0,5455;0,2706;0
0,2854;0,5455;1
0,7845;0,2854;0
0,2416;0,7845;1
0,8953;0,2416;0
0,3200;0,8953;1
0,6103;0,3200;0
0,6291;0,6103;0
0,1431;0,6291;1
0,6712;0,1431;1
0,6185;0,6712;1
0,6780;0,6185;1
0,6655;0,6780;1
0,9931;0,6655;1
0,7601;0,9931;0
0,4354;0,7601;0
0,5703;0,4354;1
0,4145;0,5703;0
0,1886;0,4145;1
0,8972;0,1886;0
0,1920;0,8972;1
0,5001;0,1920;1
0,9297;0,5001;1
0,7492;0,9297;0
0,0402;0,7492;0
0,3108;0,0402;1
0,8120;0,3108;0
0,3963;0,8120;0
0,2060;0,3963;0
0,2353;0,2060;1
0,8680;0,2353;1
0,8630;0,8680;0
0,5010;0,8630;0
0,5905;0,5010;1
0,9469;0,5905;0
0,0730;0,9469;0
0,2829;0,0730;0
0,1973;0,2829;1
0,7756;0,1973;1
0,9688;0,7756;0
0,3822;0,9688;1
0,6906;0,3822;1
0,8102;0,6906;1
0,8770;0,8102;1
0,8860;0,8770;0
0,3603;0,8860;0
0,1314;0,3603;1
0,8608;0,1314;1
0,5303;0,8608;1
0,8708;0,5303;0
0,4355;0,8708;1
0,8408;0,4355;1
0,4070;0,8408;1
0,9104;0,4070;0
0,3008;0,9104;0
0,2254;0,3008;1
0,5948;0,2254;1
0,9232;0,5948;1
0,7041;0,9232;0
0,1841;0,7041;0
0,2170;0,1841;1
0,8056;0,2170;1
0,8233;0,8056;1
0,6164;0,8233;0
0,1904;0,6164;0
0,2550;0,1904;1
0,8032;0,2550;1
0,7783;0,8032;0
0,3796;0,7783;0
0,4036;0,3796;0
0,4079;0,4036;1
0,6953;0,4079;0
0,7845;0,6953;0
0,2783;0,7845;0
0,0949;0,2783;0
0,3344;0,0949;1
0,8563;0,3344;1
0,8932;0,8563;1
0,6895;0,8932;0
0,2632;0,6895;1
0,6220;0,2632;0
0,5590;0,6220;1
0,9371;0,5590;1
0,4220;0,9371;0
0,1738;0,4220;0
0,3648;0,1738;0
0,6036;0,3648;0
0,2184;0,6036;1
0,8281;0,2184;1
0,5029;0,8281;0
0,6693;0,5029;0
0,1591;0,6693;1
0,9229;0,1591;0
0,7721;0,9229;1
0,7547;0,7721;0
0,1240;0,7547;1
0,6930;0,1240;1
0,9447;0,6930;1
0,7744;0,9447;0
0,3712;0,7744;0
0,2090;0,3712;0
0,6831;0,2090;0
0,3747;0,6831;0
0,5326;0,3747;1
0,7438;0,5326;1
0,8255;0,7438;1
0,2273;0,8255;1
0,7573;0,2273;0
0,1832;0,7573;0
0,2486;0,1832;1
0,8014;0,2486;1
0,6133;0,8014;0
0,2540;0,6133;1
0,8311;0,2540;1
0,8924;0,8311;0
0,2650;0,8924;0
0,6027;0,2650;1
0,8296;0,6027;0
0,1683;0,8296;1
0,7222;0,1683;1
0,8937;0,7222;1
0,5472;0,8937;1
0,8346;0,5472;1
0,3978;0,8346;1
0,4034;0,3978;0
0,8464;0,4034;1
0,3057;0,8464;0
0,0678;0,3057;0
0,3975;0,0678;1
0,6641;0,3975;0
0,2099;0,6641;1
0,5659;0,2099;0
0,2678;0,5659;0
0,1798;0,2678;1
0,3817;0,1798;0
0,0737;0,3817;0
0,5313;0,0737;0
0,4978;0,5313;1
0,4921;0,4978;1
0,7181;0,4921;0
0,7180;0,7181;1
0,7628;0,7180;1
0,7150;0,7628;0
0,2497;0,7150;1
0,9639;0,2497;0
0,8221;0,9639;0
0,4323;0,8221;0
0,0804;0,4323;1
0,9075;0,0804;0
0,3875;0,9075;0
0,0330;0,3875;0
0,0919;0,0330;0
0,3608;0,0919;1
0,4923;0,3608;1
0,8410;0,4923;0
0,4922;0,8410;0
0,0118;0,4922;0
0,4116;0,0118;1
0,9299;0,4116;0
0,2268;0,9299;0
0,3818;0,2268;1
0,8401;0,3818;1
0,5602;0,8401;0
0,1289;0,5602;1
0,7011;0,1289;1
0,9243;0,7011;1
0,6573;0,9243;0
0,5405;0,6573;1
0,8340;0,5405;1
0,5506;0,8340;1
0,7897;0,5506;0
0,2009;0,7897;0
0,2483;0,2009;1
0,8988;0,2483;1
0,4300;0,8988;1
0,5515;0,4300;1
0,7628;0,5515;1
0,5205;0,7628;0
0,1529;0,5205;0
0,3809;0,1529;0
0,2866;0,3809;0
0,1349;0,2866;0
0,0647;0,1349;1
0,7879;0,0647;0
0,0959;0,7879;1
0,7503;0,0959;1
0,6562;0,7503;0
0,3857;0,6562;0
0,1496;0,3857;1
0,9313;0,1496;1
0,6654;0,9313;1
0,3080;0,6654;0
0,1273;0,3080;0
0,0932;0,1273;1
0,6878;0,0932;0
0,5663;0,6878;0
0,2903;0,5663;1
0,4409;0,2903;1
0,8344;0,4409;0
0,2143;0,8344;0
0,2971;0,2143;1
0,4158;0,2971;0
0,3363;0,4158;1
0,6623;0,3363;1
0,7187;0,6623;1
0,8468;0,7187;0
0,2184;0,8468;1
0,7904;0,2184;1
0,4815;0,7904;0
0,2713;0,4815;1
0,6567;0,2713;1
0,7014;0,6567;0
0,5267;0,7014;1
0,8298;0,5267;1
0,6389;0,8298;0
0,3831;0,6389;1
0,7861;0,3831;1
0,8826;0,7861;0
0,4428;0,8826;0
0,6902;0,4428;0
0,1233;0,6902;1
0,7654;0,1233;1
0,5902;0,7654;1
0,6718;0,5902;0
0,5136;0,6718;0
0,1360;0,5136;0
0,2431;0,1360;0
0,6488;0,2431;0
0,2654;0,6488;0
0,6803;0,2654;1
0,6934;0,6803;0
0,1024;0,6934;0
0,2160;0,1024;1
0,8485;0,2160;0
0,1749;0,8485;1
0,5821;0,1749;1
0,3887;0,5821;0
0,5223;0,3887;1
0,8592;0,5223;1
0,5972;0,8592;1
0,4341;0,5972;0
0,0352;0,4341;0
0,2529;0,0352;1
0,7363;0,2529;0
0,5887;0,7363;1
0,8938;0,5887;0
0,1312;0,8938;1
0,7899;0,1312;1
0,6859;0,7899;0
0,2263;0,6859;0
0,2726;0,2263;0
0,6253;0,2726;0
0,2495;0,6253;0
0,0819;0,2495;1
0,9004;0,0819;0
0,1970;0,9004;0
0,6016;0,1970;0
0,1218;0,6016;0
0,2807;0,1218;0
0,1812;0,2807;0
0,4170;0,1812;0
0,0239;0,4170;0
0,6855;0,0239;1
0,5953;0,6855;0
0,5237;0,5953;1
0,9424;0,5237;0
0,3617;0,9424;1
0,5075;0,3617;0
0,2501;0,5075;1
0,8398;0,2501;0
0,2129;0,8398;1
0,6713;0,2129;1
0,6383;0,6713;0
0,1700;0,6383;1
0,8190;0,1700;1
0,5160;0,8190;0
0,7878;0,5160;0
0,3612;0,7878;1
0,7104;0,3612;1
0,5042;0,7104;1
0,9409;0,5042;1
0,4872;0,9409;0
0,1538;0,4872;1
0,8385;0,1538;0
0,2918;0,8385;1
0,5848;0,2918;1
0,6862;0,5848;1
0,8504;0,6862;0
0,8989;0,8504;0
0,2131;0,8989;0
0,2989;0,2131;0
0,2442;0,2989;0
0,2292;0,2442;0
0,3010;0,2292;0
0,1412;0,3010;0
0,4673;0,1412;0
0,6929;0,4673;0
0,0765;0,6929;0
0,3576;0,0765;0
0,0549;0,3576;1
0,9622;0,0549;1
0,5644;0,9622;1
0,4067;0,5644;0
0,1099;0,4067;1
0,7555;0,1099;1
0,7504;0,7555;0
0,4552;0,7504;1
0,4018;0,4552;0
0,4154;0,4018;0
0,0499;0,4154;0
0,5753;0,0499;0
0,0768;0,5753;1
0,3192;0,0768;0
0,5664;0,3192;1
0,7690;0,5664;1
0,6496;0,7690;1
0,8392;0,6496;0
0,8982;0,8392;1
0,8634;0,8982;1
0,5258;0,8634;0
0,5815;0,5258;0
0,2961;0,5815;0
0,1574;0,2961;0
0,1565;0,1574;1
0,6453;0,1565;1
0,8340;0,6453;1
0,6886;0,8340;1
0,6275;0,6886;0
0,1616;0,6275;1
0,3830;0,1616;1
0,8261;0,3830;0
0,2879;0,8261;0
0,5647;0,2879;0
0,0450;0,5647;0
0,3517;0,0450;1
0,7744;0,3517;0
0,4173;0,7744;0
0,1743;0,4173;1
0,8541;0,1743;1
0,8873;0,8541;0
0,5025;0,8873;1
0,3528;0,5025;0
0,5416;0,3528;0
0,2032;0,5416;0
0,4618;0,2032;1
0,6817;0,4618;0
0,1260;0,6817;1
0,5115;0,1260;1
0,5010;0,5115;1
0,9391;0,5010;1
0,8695;0,9391;0
0,2417;0,8695;1
0,8028;0,2417;1
0,4063;0,8028;1
0,8281;0,4063;1
0,5431;0,8281;0
0,2010;0,5431;0
0,1501;0,2010;0
0,5616;0,1501;0
0,1941;0,5616;1
0,5348;0,1941;0
0,0580;0,5348;0
0,0958;0,0580;1
0,7281;0,0958;0
0,2509;0,7281;1
0,7488;0,2509;1
0,7353;0,7488;0
0,6627;0,7353;0
0,0860;0,6627;0
0,2055;0,0860;0
0,5237;0,2055;1
0,7305;0,5237;0
0,4105;0,7305;1
0,6271;0,4105;0
0,7062;0,6271;0
0,2296;0,7062;0
0,2286;0,2296;1
0,8865;0,2286;0
0,2693;0,8865;0
0,1948;0,2693;1
0,9451;0,1948;0
0,8084;0,9451;1
0,9198;0,8084;1
0,5165;0,9198;1
0,5614;0,5165;1
0,9217;0,5614;0
0,0722;0,9217;0
0,3727;0,0722;0
0,3841;0,3727;0
0,7249;0,3841;1
0,7821;0,7249;0
0,2663;0,7821;0
0,8733;0,2663;0
0,2554;0,8733;0
0,1840;0,2554;1
0,8171;0,1840;0
0,3676;0,8171;1
0,4983;0,3676;0
0,2875;0,4983;1
0,7197;0,2875;0
0,1510;0,7197;1
0,9264;0,1510;0
0,6999;0,9264;0
0,2553;0,6999;0
0,3494;0,2553;0
0,5809;0,3494;1
0,9214;0,5809;1
0,8948;0,9214;0
0,4229;0,8948;1
0,3052;0,4229;0
0,2800;0,3052;0
0,1729;0,2800;1
0,8128;0,1729;0
0,3468;0,8128;0
0,3984;0,3468;1
0,8330;0,3984;1
0,9118;0,8330;0
0,0748;0,9118;0
0,3391;0,0748;1
0,8097;0,3391;1
0,7442;0,8097;0
0,4629;0,7442;0
0,4430;0,4629;0
0,2934;0,4430;1
0,8629;0,2934;1
0,7355;0,8629;1
0,9383;0,7355;0
0,4065;0,9383;1
0,8126;0,4065;1
0,7421;0,8126;0
0,2469;0,7421;1
0,8654;0,2469;1
0,6002;0,8654;0
0,3645;0,6002;0
0,2904;0,3645;1
0,4331;0,2904;0
0,1213;0,4331;1
0,5787;0,1213;1
0,8415;0,5787;1
0,7074;0,8415;0
0,0435;0,7074;0
0,1352;0,0435;0
0,4661;0,1352;0
0,0477;0,4661;1
0,8640;0,0477;0
0,3119;0,8640;0
0,4136;0,3119;0
0,2460;0,4136;1
0,4359;0,2460;1
0,7177;0,4359;0
0,2857;0,7177;1
0,8110;0,2857;0
0,2418;0,8110;1
0,7428;0,2418;0
0,0966;0,7428;0
0,1631;0,0966;1
0,7762;0,1631;1
0,6522;0,7762;1
0,2952;0,6522;0
0,5885;0,2952;0
0,3574;0,5885;1
0,9198;0,3574;0
0,3289;0,9198;1
0,8082;0,3289;1
0,9361;0,8082;0
0,1634;0,9361;1
0,7208;0,1634;0
0,2944;0,7208;1
0,8741;0,2944;0
0,1954;0,8741;1
0,4700;0,1954;0
0,3289;0,4700;1
0,7952;0,3289;0
0,2258;0,7952;1
0,1199;0,2258;0
0,1991;0,1199;1
0,8607;0,1991;1
0,7805;0,8607;1
0,2299;0,7805;0
0,1281;0,2299;0
0,1048;0,1281;0
0,7523;0,1048;1
0,6312;0,7523;0
0,2277;0,6312;1
0,7929;0,2277;0
0,3054;0,7929;1
0,7529;0,3054;1
0,4430;0,7529;1
0,6576;0,4430;1
0,8094;0,6576;1
0,3790;0,8094;0
0,2673;0,3790;0
0,2101;0,2673;1
0,6733;0,2101;0
0,7871;0,6733;0
0,1090;0,7871;1
0,8762;0,1090;1
0,8763;0,8762;0
0,3579;0,8763;1
0,5396;0,3579;1
0,7299;0,5396;1
0,7210;0,7299;1
0,4145;0,7210;1
0,4139;0,4145;1
0,5757;0,4139;1
0,9472;0,5757;1
0,9049;0,9472;1
0,8125;0,9049;1
0,9402;0,8125;1
0,7124;0,9402;1
0,6827;0,7124;1
0,6160;0,6827;1
0,6130;0,6160;0
0,2993;0,6130;1
0,5758;0,2993;1
0,9316;0,5758;1
0,8187;0,9316;0
0,3455;0,8187;1
0,7393;0,3455;0
0,4240;0,7393;1
0,9191;0,4240;0
0,2599;0,9191;1
0,5774;0,2599;1
0,3683;0,5774;1
0,8294;0,3683;0
0,1702;0,8294;1
0,6266;0,1702;1
0,8823;0,6266;0
0,0750;0,8823;0
0,3019;0,0750;0
0,4795;0,3019;0
0,2202;0,4795;1
0,5398;0,2202;1
0,8114;0,5398;0
0,3675;0,8114;0
0,1367;0,3675;0
0,2324;0,1367;1
0,9385;0,2324;0
0,0894;0,9385;0
0,5027;0,0894;1
0,9059;0,5027;1
0,9360;0,9059;1
0,3566;0,9360;1
0,7642;0,3566;0
0,4285;0,7642;0
0,3235;0,4285;1
0,7404;0,3235;0
0,0277;0,7404;0
0,2533;0,0277;1
0,2685;0,2533;0
0,2082;0,2685;0
0,4147;0,2082;1
0,8311;0,4147;0
0,3418;0,8311;0
0,2278;0,3418;1
0,5333;0,2278;0
0,3809;0,5333;0
0,1807;0,3809;0
0,2285;0,1807;1
0,6439;0,2285;0
0,4264;0,6439;0
0,1994;0,4264;0
0,3796;0,1994;0
0,1120;0,3796;0
0,4913;0,1120;1
0,6338;0,4913;1
0,9405;0,6338;1
0,8862;0,9405;1
0,2776;0,8862;0
0,3429;0,2776;1
0,5136;0,3429;1
0,8904;0,5136;1
0,6588;0,8904;1
0,6983;0,6588;0
0,6391;0,6983;1
0,6890;0,6391;0
0,3122;0,6890;1
0,7183;0,3122;0
0,2596;0,7183;1
0,3018;0,2596;1
0,4922;0,3018;0
0,3282;0,4922;1
0,7914;0,3282;1
0,8227;0,7914;0
0,3085;0,8227;1
0,8189;0,3085;0
0,3611;0,8189;0
0,3008;0,3611;0
0,1408;0,3008;1
0,8345;0,1408;0
0,3642;0,8345;0
0,5607;0,3642;0
0,2838;0,5607;1
0,2358;0,2838;1
0,6944;0,2358;1
0,8451;0,6944;1
0,7248;0,8451;0
0,4186;0,7248;1
0,6235;0,4186;1
0,4743;0,6235;0
0,3512;0,4743;1
0,3885;0,3512;0
0,1922;0,3885;1
0,9371;0,1922;0
0,3035;0,9371;0
0,1733;0,3035;0
0,1228;0,1733;1
0,7840;0,1228;0
0,3032;0,7840;0
0,4833;0,3032;1
0,9445;0,4833;1
0,3813;0,9445;1
0,8422;0,3813;0
0,5397;0,8422;0
0,4980;0,5397;1
0,2629;0,4980;0
0,0748;0,2629;1
0,8152;0,0748;1
0,5692;0,8152;1
0,4047;0,5692;1
0,8358;0,4047;0
0,4003;0,8358;1
0,5333;0,4003;0
0,1652;0,5333;1
0,6035;0,1652;1
0,7289;0,6035;0
0,2675;0,7289;0
0,5188;0,2675;1
0,6543;0,5188;1
0,5060;0,6543;1
0,6586;0,5060;0
0,2092;0,6586;1
0,8566;0,2092;0
0,3290;0,8566;1
0,3997;0,3290;1
0,5602;0,3997;0
0,1289;0,5602;1
0,6509;0,1289;1
0,5998;0,6509;0
0,3274;0,5998;1
0,8388;0,3274;1
0,7223;0,8388;1
0,8185;0,7223;1
0,7597;0,8185;1
0,1719;0,7597;1
0,4415;0,1719;0
0,2772;0,4415;0
0,3400;0,2772;1
0,8774;0,3400;0
0,1079;0,8774;1
0,8190;0,1079;0
0,1169;0,8190;1
0,8623;0,1169;0
0,1015;0,8623;1
0,7557;0,1015;0
0,3482;0,7557;0
0,3664;0,3482;1
0,8550;0,3664;0
0,5241;0,8550;0
0,1948;0,5241;0
0,1018;0,1948;1
0,9957;0,1018;1
0,9705;0,9957;1
0,5861;0,9705;0
0,3678;0,5861;1
0,5942;0,3678;1
0,9451;0,5942;1
0,6950;0,9451;1
0,6559;0,6950;1
0,6975;0,6559;0
0,4554;0,6975;0
0,1301;0,4554;0
0,3430;0,1301;1
0,6140;0,3430;0
0,2796;0,6140;1
0,4727;0,2796;0
0,5247;0,4727;1
0,7889;0,5247;1
0,8506;0,7889;1
0,7231;0,8506;0
0,2516;0,7231;0
0,4050;0,2516;0
0,2879;0,4050;1
0,7334;0,2879;0
0,4207;0,7334;1
0,3244;0,4207;1
0,7499;0,3244;0
0,6246;0,7499;0
0,1734;0,6246;1
0,6924;0,1734;0
0,1716;0,6924;1
0,6237;0,1716;1
0,5484;0,6237;0
0,3836;0,5484;0
0,3857;0,3836;1
0,4785;0,3857;0
0,2164;0,4785;1
0,5256;0,2164;0
0,1681;0,5256;1
0,7385;0,1681;0
0,2264;0,7385;1
0,5440;0,2264;1
0,8496;0,5440;0
0,1044;0,8496;1
0,5358;0,1044;1
0,6788;0,5358;0
0,6333;0,6788;1
0,2465;0,6333;1
0,8346;0,2465;0
0,1845;0,8346;1
0,7535;0,1845;0
0,2882;0,7535;1
0,5583;0,2882;1
0,7151;0,5583;1
0,9638;0,7151;1
0,9723;0,9638;0
0,1458;0,9723;1
0,2493;0,1458;0
0,6114;0,2493;1
0,4346;0,6114;1
0,7554;0,4346;0
0,5071;0,7554;0
0,3033;0,5071;0
0,2948;0,3033;0
0,0851;0,2948;0
0,4692;0,0851;0
0,5378;0,4692;1
0,7847;0,5378;0
0,7366;0,7847;0
0,2660;0,7366;1
0,8513;0,2660;0
0,2461;0,8513;1
0,5699;0,2461;0
0,3541;0,5699;1
0,6073;0,3541;0
0,3415;0,6073;1
0,7558;0,3415;0
0,3584;0,7558;0
0,0663;0,3584;0
0,5244;0,0663;1
0,6036;0,5244;1
0,7597;0,6036;0
0,3299;0,7597;0
0,4634;0,3299;1
0,4830;0,4634;1
0,9968;0,4830;0
0,3529;0,9968;0
0,5408;0,3529;0
0,7569;0,5408;0
0,1744;0,7569;1
0,6936;0,1744;1
0,7218;0,6936;1
0,6257;0,7218;0
0,4070;0,6257;1
0,2933;0,4070;0
0,0585;0,2933;1
0,3852;0,0585;1
0,6247;0,3852;0
0,4722;0,6247;0
0,2585;0,4722;0
0,2576;0,2585;1
0,6457;0,2576;0
0,4044;0,6457;0
0,5959;0,4044;0
0,2158;0,5959;1
0,2125;0,2158;1
0,8151;0,2125;0
0,4395;0,8151;1
0,8887;0,4395;1
0,4648;0,8887;1
0,4996;0,4648;0
0,3509;0,4996;1
0,7266;0,3509;0
0,1368;0,7266;1
0,9241;0,1368;0
0,2778;0,9241;1
0,5386;0,2778;0
0,4308;0,5386;0
0,2480;0,4308;0
0,1903;0,2480;1
0,4691;0,1903;1
0,7395;0,4691;0
0,3007;0,7395;1
0,9256;0,3007;1
0,3894;0,9256;1
0,7025;0,3894;0
0,1281;0,7025;1
0,7406;0,1281;1
0,6101;0,7406;1
0,6199;0,6101;0
0,3632;0,6199;1
0,8680;0,3632;1
0,5390;0,8680;1
0,7246;0,5390;0
0,4113;0,7246;0
0,4775;0,4113;1
0,4600;0,4775;1
0,7839;0,4600;0
0,5021;0,7839;1
0,8649;0,5021;1
0,8919;0,8649;0
0,3652;0,8919;0
0,6049;0,3652;1
0,5166;0,6049;0
0,2848;0,5166;1
0,4881;0,2848;1
0,7146;0,4881;1
0,5929;0,7146;1
0,4020;0,5929;1
0,8960;0,4020;0
0,1214;0,8960;1
0,9021;0,1214;0
0,1608;0,9021;0
0,4423;0,1608;1
0,9147;0,4423;0
0,1943;0,9147;1
0,5565;0,1943;1
0,5651;0,5565;1
0,9072;0,5651;1
0,6857;0,9072;0
0,4133;0,6857;1
0,8848;0,4133;0
0,4290;0,8848;1
0,5201;0,4290;1
0,7364;0,5201;0
0,7221;0,7364;0
0,2934;0,7221;1
0,7273;0,2934;0
0,1584;0,7273;1
0,3948;0,1584;1
0,8919;0,3948;1
0,8517;0,8919;1
0,7709;0,8517;1
0,9463;0,7709;1
0,9337;0,9463;0
0,3998;0,9337;0
0,4459;0,3998;1
0,7745;0,4459;0
0,3859;0,7745;0
0,4624;0,3859;0
0,2409;0,4624;0
0,2827;0,2409;1
0,9059;0,2827;0
0,7224;0,9059;0
0,3518;0,7224;1
0,6152;0,3518;0
0,4626;0,6152;1
0,9327;0,4626;0
0,3998;0,9327;1
0,5891;0,3998;1
0,7275;0,5891;0
0,3389;0,7275;0
0,6174;0,3389;0
0,1680;0,6174;1
0,7777;0,1680;0
0,3573;0,7777;1
0,8677;0,3573;0
0,0931;0,8677;0
0,1664;0,0931;1
0,7181;0,1664;1
0,5864;0,7181;1
0,8745;0,5864;1
0,6577;0,8745;0
0,4634;0,6577;1
0,8570;0,4634;0
0,6143;0,8570;1
0,5422;0,6143;1
0,6662;0,5422;1
0,9488;0,6662;0
0,2416;0,9488;1
0,6547;0,2416;1
0,1788;0,6547;0
0,0924;0,1788;1
0,7426;0,0924;0
0,4736;0,7426;1
0,6222;0,4736;1
0,8795;0,6222;0
0,3819;0,8795;0
0,2074;0,3819;1
0,7309;0,2074;1
0,6768;0,7309;1
0,6960;0,6768;0
0,1789;0,6960;0
0,4264;0,1789;1
0,4318;0,4264;1
0,5099;0,4318;1
0,8958;0,5099;1
0,9560;0,8958;0
0,2569;0,9560;1
0,9346;0,2569;1
0,5855;0,9346;0
0,1001;0,5855;1
0,8908;0,1001;1
0,4833;0,8908;0
0,3327;0,4833;0
0,4088;0,3327;0
0,1483;0,4088;1
0,8229;0,1483;1
0,8709;0,8229;1
0,8197;0,8709;1
0,7775;0,8197;1
0,8094;0,7775;1
0,5006;0,8094;1
0,8075;0,5006;0
0,5793;0,8075;1
0,8916;0,5793;0
0,0307;0,8916;1
0,4980;0,0307;0
0,7381;0,4980;1
0,7659;0,7381;0
0,2612;0,7659;1
0,5805;0,2612;0
0,4031;0,5805;1
0,6077;0,4031;0
0,3697;0,6077;1
0,9041;0,3697;1
0,7261;0,9041;1
0,9200;0,7261;1
0,6965;0,9200;1
0,5115;0,6965;1
0,3300;0,5115;1
0,7626;0,3300;0
0,3934;0,7626;1
0,8871;0,3934;1
0,9245;0,8871;0
0,4068;0,9245;1
0,7886;0,4068;1
0,7159;0,7886;1
0,5388;0,7159;1
0,8055;0,5388;1
0,6512;0,8055;1
0,8664;0,6512;0
0,5463;0,8664;1
0,8346;0,5463;0
0,4033;0,8346;0
0,3417;0,4033;0
0,1630;0,3417;1
0,8987;0,1630;0
0,3449;0,8987;0
0,2615;0,3449;1
0,8984;0,2615;0
0,2453;0,8984;0
0,2278;0,2453;1
0,7281;0,2278;1
0,8706;0,7281;1
0,9566;0,8706;0
0,2078;0,9566;0
0,1336;0,2078;1
0,6888;0,1336;0
0,2834;0,6888;1
0,4919;0,2834;1
0,7576;0,4919;0
0,5018;0,7576;0
0,2185;0,5018;1
0,5094;0,2185;1
0,6725;0,5094;0
0,6171;0,6725;1
0,8848;0,6171;1
0,5118;0,8848;1
0,7167;0,5118;0
0,2292;0,7167;1
0,8689;0,2292;1
0,5457;0,8689;0
0,3194;0,5457;0
0,2270;0,3194;1
0,5454;0,2270;0
0,1882;0,5454;0
0,6098;0,1882;0
0,2490;0,6098;1
0,7879;0,2490;1
0,7258;0,7879;1
0,7066;0,7258;0
0,2709;0,7066;1
0,8444;0,2709;0
0,3136;0,8444;0
0,1500;0,3136;1
0,9382;0,1500;0
0,3160;0,9382;0
0,5061;0,3160;1
0,4424;0,5061;0
0,6068;0,4424;0
0,1370;0,6068;0
0,1982;0,1370;1
0,6812;0,1982;1
0,9121;0,6812;1
0,6929;0,9121;0
0,4785;0,6929;0
0,2143;0,4785;0
0,1110;0,2143;0
0,0903;0,1110;1
0,9799;0,0903;0
0,1196;0,9799;1
0,5249;0,1196;1
0,5323;0,5249;1
0,8663;0,5323;0
0,2299;0,8663;1
0,9065;0,2299;0
0,3195;0,9065;1
0,7687;0,3195;1
0,4767;0,7687;0
0,1675;0,4767;1
0,7792;0,1675;1
0,2577;0,7792;0
0,1341;0,2577;0
0,4031;0,1341;1
0,9019;0,4031;1
0,5619;0,9019;0
0,0592;0,5619;1
0,5916;0,0592;0
0,4019;0,5916;0
0,1929;0,4019;1
0,5616;0,1929;0
0,4032;0,5616;1
0,8888;0,4032;1
0,4486;0,8888;1
0,5622;0,4486;1
0,7514;0,5622;1
0,6292;0,7514;0
0,3926;0,6292;0
0,2680;0,3926;1
0,5522;0,2680;1
0,7668;0,5522;0
0,4793;0,7668;0
0,3389;0,4793;1
0,3798;0,3389;0
0,1780;0,3798;0
0,3038;0,1780;0
0,3597;0,3038;1
0,5992;0,3597;0
0,6238;0,5992;0
0,3457;0,6238;0
0,1915;0,3457;1
0,2711;0,1915;0
0,4326;0,2711;1
0,6211;0,4326;0
0,1011;0,6211;0
0,1970;0,1011;1
0,8365;0,1970;0
0,1606;0,8365;1
0,4908;0,1606;0
0,1171;0,4908;1
0,8078;0,1171;1
0,7722;0,8078;1
0,7243;0,7722;0
0,1233;0,7243;0
0,0747;0,1233;0
0,4233;0,0747;0
0,5601;0,4233;1
0,8941;0,5601;0
0,3669;0,8941;0
0,4933;0,3669;1
0,8128;0,4933;0
0,1018;0,8128;1
0,2129;0,1018;1
0,5074;0,2129;1
0,7615;0,5074;1
0,8690;0,7615;1
0,9844;0,8690;1
0,8272;0,9844;0
0,2988;0,8272;0
0,2998;0,2988;1
0,8941;0,2998;1
0,8352;0,8941;1
0,7932;0,8352;1
0,8020;0,7932;0
0,1720;0,8020;1
0,3383;0,1720;0
0,6678;0,3383;1
0,8115;0,6678;0
0,4537;0,8115;1
0,4534;0,4537;0
0,2709;0,4534;0
0,3772;0,2709;0
0,0201;0,3772;1
0,8230;0,0201;0
0,0678;0,8230;0
0,1831;0,0678;0
0,5148;0,1831;0
0,5196;0,5148;1
0,8308;0,5196;0
0,1244;0,8308;1
0,9351;0,1244;1
0,4097;0,9351;1
0,6529;0,4097;0
0,0864;0,6529;1
0,3900;0,0864;1
0,6800;0,3900;0
0,1505;0,6800;0
0,0864;0,1505;1
0,8469;0,0864;1
0,6888;0,8469;1
0,5978;0,6888;0
0,6544;0,5978;1
0,2773;0,6544;1
0,7862;0,2773;0
0,4866;0,7862;1
0,9386;0,4866;0
0,3867;0,9386;1
0,6209;0,3867;0
0,1838;0,6209;0
0,2148;0,1838;0
0,3631;0,2148;1
0,2816;0,3631;0
0,5501;0,2816;0
0,2868;0,5501;0
0,6349;0,2868;1
0,8886;0,6349;0
0,2804;0,8886;0
0,8422;0,2804;0
0,1274;0,8422;0
0,0266;0,1274;1
0,5341;0,0266;1
0,6914;0,5341;1
0,9302;0,6914;1
0,7266;0,9302;1
0,7955;0,7266;1
0,7190;0,7955;1
0,9670;0,7190;0
0,5208;0,9670;0
0,2101;0,5208;0
0,0899;0,2101;1
0,6794;0,0899;1
0,4773;0,6794;1
0,7774;0,4773;0
0,3104;0,7774;1
0,5833;0,3104;1
0,6276;0,5833;1
0,4150;0,6276;1
0,7957;0,4150;0
0,2783;0,7957;1
0,6478;0,2783;1
0,6405;0,6478;0
0,2795;0,6405;1
0,6175;0,2795;0
0,2618;0,6175;0
0,1396;0,2618;1
0,4050;0,1396;0
0,5654;0,4050;1
0,9808;0,5654;0
0,1165;0,9808;1
0,7307;0,1165;1
0,3183;0,7307;0
0,3241;0,3183;0
0,1074;0,3241;0
0,3429;0,1074;1
0,8785;0,3429;1
0,6284;0,8785;0
0,5207;0,6284;1
0,8992;0,5207;1
0,5663;0,8992;1
0,6738;0,5663;0
0,2306;0,6738;1
0,7023;0,2306;0
0,4054;0,7023;1
0,8154;0,4054;0
0,3391;0,8154;0
0,7202;0,3391;0
0,5526;0,7202;1
0,9214;0,5526;0
0,3168;0,9214;0
0,9016;0,3168;1
0,7772;0,9016;1
0,8641;0,7772;1
0,6823;0,8641;1
0,8719;0,6823;0
0,0848;0,8719;0
0,1391;0,0848;1
0,5592;0,1391;0
0,8032;0,5592;0
0,0909;0,8032;1
0,5506;0,0909;1
0,9267;0,5506;0
0,5935;0,9267;1
0,5248;0,5935;1
0,6765;0,5248;1
0,7527;0,6765;1
0,9342;0,7527;1
0,6360;0,9342;1
0,3360;0,6360;0
0,2605;0,3360;1
0,9761;0,2605;0
0,5672;0,9761;0
0,0080;0,5672;1
0,6436;0,0080;1
0,5579;0,6436;1
0,8731;0,5579;1
0,8145;0,8731;1
0,8275;0,8145;0
0,4802;0,8275;0
0,4392;0,4802;0
0,0020;0,4392;0
0,2384;0,0020;1
0,8178;0,2384;0
0,2315;0,8178;1
0,6452;0,2315;0
0,4911;0,6452;1
0,9880;0,4911;0
0,2840;0,9880;1
0,9058;0,2840;1
0,7130;0,9058;1
0,2058;0,7130;1
0,8501;0,2058;0
0,5869;0,8501;1
0,7326;0,5869;0
0,4256;0,7326;0
0,6284;0,4256;1
0,9675;0,6284;0
0,1664;0,9675;1
0,7956;0,1664;0
0,2331;0,7956;1
0,7606;0,2331;1
0,6726;0,7606;1
0,3293;0,6726;0
0,1661;0,3293;0
0,2685;0,1661;0
0,7072;0,2685;0
0,1850;0,7072;0
0,2575;0,1850;0
0,3881;0,2575;1
0,8119;0,3881;0
0,4227;0,8119;0
0,1262;0,4227;0
0,2786;0,1262;1
0,8449;0,2786;0
0,1085;0,8449;0
0,2353;0,1085;1
0,4360;0,2353;1
0,8629;0,4360;1
0,8249;0,8629;1
0,7680;0,8249;0
0,6742;0,7680;1
0,8809;0,6742;1
0,8074;0,8809;0
0,0722;0,8074;0
0,4201;0,0722;0
0,2076;0,4201;1
0,7298;0,2076;1
0,9374;0,7298;0
0,3675;0,9374;0
0,7476;0,3675;1
0,6920;0,7476;1
0,7647;0,6920;1
0,7931;0,7647;1
0,7919;0,7931;0
0,5776;0,7919;0
0,0788;0,5776;0
0,3202;0,0788;1
0,9430;0,3202;0
0,2044;0,9430;0
0,3526;0,2044;1
0,5346;0,3526;0
0,7802;0,5346;0
0,2339;0,7802;0
0,4895;0,2339;0
0,0030;0,4895;1
0,7822;0,0030;1
0,5630;0,7822;0
0,1019;0,5630;0
0,1977;0,1019;0
0,0878;0,1977;1
0,9872;0,0878;0
0,0287;0,9872;1
0,2482;0,0287;0
0,3074;0,2482;0
0,0585;0,3074;1
0,6416;0,0585;0
0,2001;0,6416;1
0,7259;0,2001;0
0,3934;0,7259;1
0,9332;0,3934;0
0,4277;0,9332;1
0,4317;0,4277;1
0,7065;0,4317;0
0,4518;0,7065;0
0,5913;0,4518;0
0,4617;0,5913;1
0,7836;0,4617;1
0,7461;0,7836;0
0,1321;0,7461;1
0,7511;0,1321;0
0,3694;0,7511;0
0,1391;0,3694;0
0,3333;0,1391;0
0,3031;0,3333;0
0,3628;0,3031;0
0,8619;0,3628;1
0,8065;0,8619;1
0,9117;0,8065;0
0,0004;0,9117;1
0,7893;0,0004;1
0,8781;0,7893;0
0,3291;0,8781;0
0,2345;0,3291;0
0,6147;0,2345;0
0,2009;0,6147;0
0,3069;0,2009;1
0,8901;0,3069;1
0,6576;0,8901;0
0,0954;0,6576;1
0,7771;0,0954;1
0,6955;0,7771;0
0,2815;0,6955;1
0,6848;0,2815;0
0,2790;0,6848;1